lavacoches	lavacoches
papanatas	papanatas
pelagatos	pelagatos
viejales	viejales
guardaespaldas	guardaespaldas
prócer	prócer
procer	procer
pívot	pívot
robot	robot
titular	titular
comensal	comensal
industrial	industrial
profesional	profesional
homosexual	homosexual
heterosexual	heterosexual
yóquey	yóquey
yoquey	yoquey
pelotari	pelotari
chef	chef
gourmet	gourmet
maître	maître
maitre	maitre
pobre	pobre
hereje	hereje
cacique	cacique
partícipe	partícipe
co-partícipe	co-partícipe
copartícipe	copartícipe
participe	participe
coparticipe	coparticipe
co-participe	co-participe
munícipe	munícipe
municipe	municipe
humorista	humorista
adopcionista	adopcionista
accesorista	accesorista
pirata	pirata
hacker	hacker
jáquer	jáquer
radical	radical
albañil	albañil
paralegal	paralegal
bachiller	bachiller
cajista	cajista
arbitrajista	arbitrajista
cobista	cobista
palabrista	palabrista
revanchista	revanchista
chapista	chapista
adamita	adamita
fordista	fordista
post-fordista	post-fordista
inmovilista	inmovilista
integracionista	integracionista
liberalista	liberalista
neoliberalista	neoliberalista
asistencialista	asistencialista
transformista	transformista
telegrafista	telegrafista
sonidista	sonidista
juerguista	juerguista
jipi	jipi
hippy	hippy
hippie	hippie
beatnik	beatnik
brigadista	brigadista
enciclopedista	enciclopedista
terrícola	terrícola
terricola	terricola
moscovita	moscovita
manhattanita	manhattanita
boricua	boricua
kirguís	kirguís
kirguis	kirguis
isrealita	isrealita
kievita	kievita
vietnamita	vietnamita
sarajevita	sarajevita
ateniense	ateniense
yemení	yemení
trinitense	trinitense
bangladesí	bangladesí
santalucense	santalucense
catarí	catarí
qatarí	qatarí
israelí	israelí
pakistaní	pakistaní
praguense	praguense
iraní	iraní
croata	croata
iraquí	iraquí
omaní	omaní
salomonense	salomonense
etíope	etíope
etiope	etiope
marroquí	marroquí
ceutí	ceutí
seychellense	seychellense
lisboeta	lisboeta
londinense	londinense
beirutí	beirutí
suazi	suazi
sanmarinense	sanmarinense
chipriota	chipriota
bahreiní	bahreiní
malgache	malgache
somalí	somalí
comorense	comorense
tegucigalpense	tegucigalpense
bruselense	bruselense
belga	belga
costarricense	costarricense
barbadense	barbadense
timorense	timorense
vanuatuense	vanuatuense
santotomense	santotomense
abudabí	abudabí
lesotense	lesotense
cairota	cairota
kuwaití	kuwaití
singapurense	singapurense
maliense	maliense
bagdadí	bagdadí
papú	papú
zimbabuense	zimbabuense
saudí	saudí
malauí	malauí
monotributista	monotributista
aperturista	aperturista
criminalista	criminalista
camarista	camarista
cortoplacista	cortoplacista
largoplacista	largoplacista
hincha	hincha
narcotraficante	narcotraficante
narco	narco
cicloturista	cicloturista
sensualista	sensualista
apologista	apologista
localista	localista
arribista	arribista
avalista	avalista
penquista	penquista
laicista	laicista
helenista	helenista
romanista	romanista
latinista	latinista
catastrofista	catastrofista
farandulista	farandulista
aliancista	aliancista
equilibrista	equilibrista
mileurista	mileurista
mineralogista	mineralogista
negacionista	negacionista
esperantista	esperantista
montañista	montañista
himalayista	himalayista
pireneísta	pireneísta
pireneista	pireneista
entreguista	entreguista
civilista	civilista
armamentista	armamentista
profesionista	profesionista
catequista	catequista
salmista	salmista
clarinetista	clarinetista
bandoneonista	bandoneonista
conductista	conductista
proselitista	proselitista
presidencialista	presidencialista
colaboracionista	colaboracionista
penalista	penalista
unionista	unionista
integrista	integrista
gremialista	gremialista
acordeonista	acordeonista
vitalista	vitalista
culturista	culturista
ebanista	ebanista
universalista	universalista
financista	financista
hacendista	hacendista
comisionista	comisionista
rentista	rentista
interiorista	interiorista
utilitarista	utilitarista
academicista	academicista
internista	internista
rupturista	rupturista
mutualista	mutualista
normalista	normalista
alarmista	alarmista
propagandista	propagandista
controversista	controversista
polemista	polemista
espiritualista	espiritualista
episcopalista	episcopalista
taxidermista	taxidermista
archivista	archivista
prohibicionista	prohibicionista
antiprohibicionista	antiprohibicionista
anti-prohibicionista	anti-prohibicionista
sudista	sudista
segregacionista	segregacionista
travesti	travesti
travestí	travestí
opusdeísta	opusdeísta
opusdeista	opusdeista
latifundista	latifundista
especista	especista
estajanovista	estajanovista
antiespecista	antiespecista
anti-especista	anti-especista
desarrollista	desarrollista
antidesarrollista	antidesarrollista
anti-desarrollista	anti-desarrollista
neodesarrollista	neodesarrollista
neo-desarrollista	neo-desarrollista
esgrimista	esgrimista
floretista	floretista
duelista	duelista
conservacionista	conservacionista
secesionista	secesionista
abolicionista	abolicionista
reeleccionista	reeleccionista
antirreleccionista	antirreleccionista
antireeleccionista	antireeleccionista
antirreeleccionista	antirreeleccionista
esclavista	esclavista
paneslavista	paneslavista
anti-esclavista	anti-esclavista
antiesclavista	antiesclavista
antenista	antenista
arcaísta	arcaísta
fatalista	fatalista
derrotista	derrotista
triunfalista	triunfalista
eticista	eticista
bioeticista	bioeticista
ontologista	ontologista
mercantilista	mercantilista
escapista	escapista
origenista	origenista
origamista	origamista
menorista	menorista
monopolista	monopolista
antimonopolista	antimonopolista
anti-monopolista	anti-monopolista
submarinista	submarinista
fashionista	fashionista
feminista	feminista
antifeminista	antifeminista
anti-feminista	anti-feminista
posfeminista	posfeminista
ecofeminista	ecofeminista
anarcofeminista	anarcofeminista
anarco-feminista	anarco-feminista
transfeminista	transfeminista
ciberfeminista	ciberfeminista
neofeminista	neofeminista
profeminista	profeminista
pro-feminista	pro-feminista
protofeminista	protofeminista
no-sexista	no-sexista
antisexista	antisexista
heterosexista	heterosexista
publirrelacionista	publirrelacionista
publirelacionista	publirelacionista
patriarcalista	patriarcalista
atacante	atacante
satanista	satanista
ex-satanista	ex-satanista
exsatanista	exsatanista
tronista	tronista
extronista	extronista
jazzista	jazzista
armonista	armonista
violinista	violinista
violista	violista
pianista	pianista
rabelista	rabelista
vibrafonista	vibrafonista
clavicembalista	clavicembalista
clavicordista	clavicordista
armonicista	armonicista
clavecinista	clavecinista
trombonista	trombonista
bandolinista	bandolinista
mandolinista	mandolinista
xilofonista	xilofonista
marimbista	marimbista
oboísta	oboísta
oboista	oboista
celista	celista
violoncelista	violoncelista
violonchelista	violonchelista
chelista	chelista
tubista	tubista
arpista	arpista
corista	corista
flautista	flautista
saxofonista	saxofonista
organista	organista
contrabajista	contrabajista
sobrecargo	sobrecargo
trompetista	trompetista
guitarrista	guitarrista
ex-guitarrista	ex-guitarrista
exguitarrista	exguitarrista
natalista	natalista
antinatalista	antinatalista
sofista	sofista
portavoz	portavoz
explosivista	explosivista
mandamás	mandamás
mandamas	mandamas
cazatalentos	cazatalentos
sabelotodo	sabelotodo
correveidile	correveidile
mártir	mártir
martir	martir
espía	espía
espia	espia
soldado	soldado
general	general
sargento	sargento
almirante	almirante
piloto	piloto
copiloto	copiloto
paracaidista	paracaidista
tenista	tenista
ex-tenista	ex-tenista
extenista	extenista
piraguista	piraguista
piragüista	piragüista
futbolista	futbolista
fubolista	fubolista
waterpolista	waterpolista
fútbolista	fútbolista
pugilista	pugilista
fondista	fondista
ultrafondista	ultrafondista
ultramaratonista	ultramaratonista
maratonista	maratonista
pesista	pesista
palista	palista
polista	polista
regatista	regatista
canoista	canoista
gimnasta	gimnasta
exfutbolista	exfutbolista
ex-futbolista	ex-futbolista
centrocampista	centrocampista
mediocampista	mediocampista
exmediocampista	exmediocampista
ex-mediocampista	ex-mediocampista
trapecista	trapecista
testigo	testigo
cónyuge	cónyuge
conyuge	conyuge
colega	colega
oficinista	oficinista
legista	legista
logista	logista
recepcionista	recepcionista
receptionista	receptionista
masajista	masajista
quiromasajista	quiromasajista
dentista	dentista
ecografista	ecografista
acupunturista	acupunturista
ortodoncista	ortodoncista
ortopedista	ortopedista
higienista	higienista
nutricionista	nutricionista
dietista-nutricionista	dietista-nutricionista
dietista	dietista
anestecista	anestecista
anestesista	anestesista
optometrista	optometrista
óptico-optometrista	óptico-optometrista
optico-optometrista	optico-optometrista
oculista	oculista
esteticista	esteticista
anatomista	anatomista
conserje	conserje
canciller	canciller
yonqui	yonqui
cabo	cabo
brigada	brigada
teniente	teniente
lugarteniente	lugarteniente
subteniente	subteniente
exteniente	exteniente
brigadier	brigadier
coronel	coronel
alférez	alférez
alferez	alferez
huésped	huésped
huesped	huesped
rehén	rehén
rehen	rehen
corresponsal	corresponsal
timonel	timonel
cónsul	cónsul
consul	consul
chofer	chofer
líder	líder
lider	lider
sumiller	sumiller
augur	augur
maniquí	maniquí
maniqui	maniqui
saltimbanqui	saltimbanqui
gurú	gurú
guru	guru
conferenciante	conferenciante
dibujante	dibujante
amanuense	amanuense
cicerone	cicerone
orfebre	orfebre
estatista	estatista
antiestatista	antiestatista
anti-estatista	anti-estatista
estadista	estadista
extraterrestre	extraterrestre
duende	duende
adoptante	adoptante
tripulante	tripulante
sedante	sedante
ejecutante	ejecutante
pubescente	pubescente
invidente	invidente
insolvente	insolvente
escribiente	escribiente
marchante	marchante
impenitente	impenitente
displicente	displicente
oficiante	oficiante
disciplinante	disciplinante
depositante	depositante
otorgante	otorgante
disertante	disertante
corregente	corregente
codependiente	codependiente
arcaizante	arcaizante
renunciante	renunciante
incontinente	incontinente
apostante	apostante
aplicante	aplicante
acreditante	acreditante
debatiente	debatiente
estudiante	estudiante
aprendiente	aprendiente
discente	discente
cursante	cursante
feriante	feriante
convaleciente	convaleciente
maleante	maleante
actuante	actuante
batiente	batiente
lacerante	lacerante
piante	piante
orante	orante
imprudente	imprudente
ocupante	ocupante
intrigante	intrigante
votante	votante
incumbente	incumbente
triunfante	triunfante
soñante	soñante
silbante	silbante
contrincante	contrincante
invitante	invitante
eximente	eximente
anunciante	anunciante
intolerante	intolerante
ponente	ponente
superviviente	superviviente
demandante	demandante
denunciante	denunciante
mandante	mandante
pudiente	pudiente
solicitante	solicitante
concedente	concedente
adherente	adherente
adquirente	adquirente
firmante	firmante
apelante	apelante
garante	garante
derechohabiente	derechohabiente
purgante	purgante
convocante	convocante
comitente	comitente
currante	currante
diletante	diletante
pedante	pedante
pujante	pujante
asaltante	asaltante
interrogante	interrogante
cooperante	cooperante
licitante	licitante
mercante	mercante
incitante	incitante
consultante	consultante
denigrante	denigrante
consagrante	consagrante
cargante	cargante
festejante	festejante
declarante	declarante
subyugante	subyugante
caminante	caminante
pasante	pasante
oyente	oyente
hablante	hablante
germanohablante	germanohablante
pinche	pinche
compinche	compinche
pana	pana
castellanohablante	castellanohablante
hispanohablante	hispanohablante
hispanoparlante	hispanoparlante
celebrante	celebrante
levante	levante
principiante	principiante
suplicante	suplicante
licenciante	licenciante
litigante	litigante
deponente	deponente
registrante	registrante
despachante	despachante
expropiante	expropiante
promovente	promovente
accionante	accionante
lactante	lactante
errante	errante
simpatizante	simpatizante
impaciente	impaciente
buenagente	buenagente
debutante	debutante
nigromante	nigromante
petulante	petulante
fabricante	fabricante
navegante	navegante
mutante	mutante
ingresante	ingresante
concursante	concursante
exconcursante	exconcursante
ex-concursante	ex-concursante
vidente	vidente
vigilante	vigilante
protestante	protestante
transeúnte	transeúnte
transeunte	transeunte
migrante	migrante
emigrante	emigrante
inmigrante	inmigrante
habitante	habitante
cohabitante	cohabitante
creyente	creyente
aspirante	aspirante
acompañante	acompañante
descendiente	descendiente
oponente	oponente
ambulante	ambulante
itinerante	itinerante
exigente	exigente
disidente	disidente
combatiente	combatiente
militante	militante
exmilitante	exmilitante
ex-militante	ex-militante
operante	operante
decadente	decadente
terrateniente	terrateniente
confidente	confidente
impotente	impotente
imponente	imponente
proponente	proponente
prepotente	prepotente
irreverente	irreverente
incompetente	incompetente
competente	competente
obediente	obediente
insistente	insistente
insurgente	insurgente
demente	demente
indigente	indigente
reticente	reticente
indecente	indecente
decente	decente
vehemente	vehemente
insolente	insolente
rebelde	rebelde
gobernante	gobernante
exgovernante	exgovernante
ex-governante	ex-governante
inconsciente	inconsciente
inconciente	inconciente
intérprete	intérprete
interprete	interprete
participante	participante
exparticipante	exparticipante
ex-participante	ex-participante
dirigente	dirigente
residente	residente
no-residente	no-residente
inocente	inocente
integrante	integrante
exintegrante	exintegrante
valiente	valiente
resistente	resistente
noble	noble
visitante	visitante
adolescente	adolescente
adolecente	adolecente
docente	docente
representante	representante
exrepresentate	exrepresentate
ex-representante	ex-representante
paciente	paciente
ayudante	ayudante
constituyente	constituyente
traficante	traficante
viajante	viajante
campante	campante
paseante	paseante
delincuente	delincuente
delicuente	delicuente
amante	amante
examante	examante
ex-amante	ex-amante
comandante	comandante
subcomandante	subcomandante
excomandante	excomandante
ex-comandante	ex-comandante
manifestante	manifestante
informante	informante
espadista	espadista
estadounidense	estadounidense
francocanadiense	francocanadiense
canadiense	canadiense
nicaragüense	nicaragüense
hondurense	hondurense
comerciante	comerciante
conexionista	conexionista
petardista	petardista
televangelista	televangelista
tele-evangelista	tele-evangelista
posthumanista	posthumanista
transhumanista	transhumanista
darwinista	darwinista
neo-darwinista	neo-darwinista
neodarwinista	neodarwinista
bolivarista	bolivarista
estalinista	estalinista
antiestalinista	antiestalinista
neoestalinista	neoestalinista
maoista	maoista
maoísta	maoísta
trotskista	trotskista
leninista	leninista
antileninista	antileninista
bolchevique	bolchevique
marxista	marxista
anti-marxista	anti-marxista
antimarxista	antimarxista
marxista-leninista	marxista-leninista
neomarxista	neomarxista
neo-marxista	neo-marxista
posmarxista	posmarxista
post-marxista	post-marxista
socialista	socialista
anti-socialista	anti-socialista
antisocialista	antisocialista
pro-socialista	pro-socialista
prosocialista	prosocialista
exsocialista	exsocialista
ex-socialista	ex-socialista
ecosocialista	ecosocialista
eco-socialista	eco-socialista
radical-socialista	radical-socialista
socialista-comunista	socialista-comunista
neosocialista	neosocialista
colectivista	colectivista
cooperativista	cooperativista
idealista	idealista
populista	populista
neopopulista	neopopulista
antipopulista	antipopulista
anti-populista	anti-populista
posibilista	posibilista
ateista	ateista
ateísta	ateísta
monoteísta	monoteísta
monoteista	monoteista
teista	teista
teísta	teísta
politeísta	politeísta
politeista	politeista
panteísta	panteísta
panteista	panteista
deísta	deísta
deista	deista
comunalista	comunalista
comunista	comunista
komunista	komunista
excomunista	excomunista
ex-comunista	ex-comunista
anticomunista	anticomunista
anti-comunista	anti-comunista
pro-comunista	pro-comunista
procomunista	procomunista
neocomunista	neocomunista
neo-comunista	neo-comunista
post-comunista	post-comunista
pos-comunista	pos-comunista
poscomunista	poscomunista
eurocomunista	eurocomunista
no-comunista	no-comunista
abortista	abortista
pro-abortista	pro-abortista
proaborista	proaborista
antiabortista	antiabortista
anti-abortista	anti-abortista
narcomenudista	narcomenudista
terrorista	terrorista
contraterrorista	contraterrorista
narco-terrorista	narco-terrorista
narcoterrorista	narcoterrorista
bioterrorista	bioterrorista
eco-terrorista	eco-terrorista
ecoterrorista	ecoterrorista
exterrorista	exterrorista
ex-terrorista	ex-terrorista
antiterrorista	antiterrorista
anti-terrorista	anti-terrorista
proterrorista	proterrorista
pro-terrorista	pro-terrorista
protagonista	protagonista
exprotagonista	exprotagonista
ex-protagonista	ex-protagonista
coprotagonista	coprotagonista
co-protagonista	co-protagonista
antagonista	antagonista
realista	realista
hiperrealista	hiperrealista
hiper-realista	hiper-realista
ultrarrealista	ultrarrealista
ultra-rrealista	ultra-rrealista
neorrealista	neorrealista
neorealista	neorealista
neo-realista	neo-realista
anti-realista	anti-realista
antirrealista	antirrealista
antirealista	antirealista
fotorealista	fotorealista
foto-realista	foto-realista
superrealista	superrealista
deportivista	deportivista
deportista	deportista
exdeportista	exdeportista
ex-deportista	ex-deportista
apneísta	apneísta
apneista	apneista
capoeirista	capoeirista
capoerista	capoerista
kartista	kartista
garajista	garajista
plusmarquista	plusmarquista
explusmarquista	explusmarquista
ex-plusmarquista	ex-plusmarquista
relevista	relevista
tardocapitalista	tardocapitalista
ultracapitalista	ultracapitalista
hipercapitalista	hipercapitalista
capitalista	capitalista
kapitalista	kapitalista
no-capitalista	no-capitalista
capitalista-imperialista	capitalista-imperialista
anticapitalista	anticapitalista
anti-capitalista	anti-capitalista
pro-capitalista	pro-capitalista
procapitalista	procapitalista
poscapitalista	poscapitalista
post-capitalista	post-capitalista
postcapitalista	postcapitalista
neocapitalista	neocapitalista
vocalista	vocalista
co-vocalista	co-vocalista
ex-vocalista	ex-vocalista
exvocalista	exvocalista
bajista	bajista
exbajista	exbajista
ex-bajista	ex-bajista
solista	solista
activista	activista
malabarista	malabarista
medievalista	medievalista
taxonomista	taxonomista
etimologista	etimologista
economista	economista
econometrista	econometrista
monetarista	monetarista
economicista	economicista
antiinflacionista	antiinflacionista
execonomista	execonomista
ex-economista	ex-economista
macroeconomista	macroeconomista
legalista	legalista
nacionalista	nacionalista
antinacionalista	antinacionalista
anti-nacionalista	anti-nacionalista
no-nacionalista	no-nacionalista
etnonacionalista	etnonacionalista
ultranacionalista	ultranacionalista
ultra-nacionalista	ultra-nacionalista
internacionalista	internacionalista
econacionalista	econacionalista
eco-nacionalista	eco-nacionalista
aislacionista	aislacionista
bioanalista	bioanalista
analista	analista
ex-analista	ex-analista
exanalista	exanalista
optimista	optimista
pesimista	pesimista
nazista	nazista
nacionalsocialista	nacionalsocialista
nacional-socialista	nacional-socialista
salazarista	salazarista
franquista	franquista
neofranquista	neofranquista
antifranquista	antifranquista
anti-franquista	anti-franquista
profranquista	profranquista
falangista	falangista
neofalangista	neofalangista
antifalangista	antifalangista
anti-falangista	anti-falangista
nacionalsindicalista	nacionalsindicalista
caudillista	caudillista
corporativista	corporativista
fascista	fascista
proto-fascista	proto-fascista
protofascista	protofascista
fachista	fachista
antifascista	antifascista
anti-fascista	anti-fascista
profascista	profascista
pro-fascista	pro-fascista
neofascista	neofascista
neo-fascista	neo-fascista
nazi-fascista	nazi-fascista
nazifascista	nazifascista
filofascista	filofascista
filo-fascista	filo-fascista
posfascista	posfascista
penitenciarista	penitenciarista
dialoguista	dialoguista
monologuista	monologuista
monologista	monologista
crucigramista	crucigramista
copista	copista
genealogista	genealogista
letrista	letrista
co-letrista	co-letrista
historietista	historietista
tradicionista	tradicionista
madrigalista	madrigalista
memorialista	memorialista
epigramista	epigramista
novelista	novelista
portadista	portadista
satirista	satirista
antologista	antologista
cronologista	cronologista
versista	versista
prosista	prosista
fabulista	fabulista
proverbista	proverbista
prologuista	prologuista
prologista	prologista
cronista	cronista
cuentista	cuentista
diarista	diarista
ensayista	ensayista
tratadista	tratadista
guionista	guionista
co-guionista	co-guionista
coguionista	coguionista
director-guionista	director-guionista
columnista	columnista
articulista	articulista
asentista	asentista
finalista	finalista
semifinalista	semifinalista
semi-finalista	semi-finalista
cuartofinalista	cuartofinalista
octavofinalista	octavofinalista
baterista	baterista
ex-baterista	ex-baterista
exbaterista	exbaterista
generalista	generalista
renacentista	renacentista
neorrenacentista	neorrenacentista
neorenacentista	neorenacentista
neo-renacentista	neo-renacentista
prerrenacentista	prerrenacentista
protorrenacentista	protorrenacentista
cientificista	cientificista
cientifista	cientifista
cientista	cientista
mecanicista	mecanicista
materialista	materialista
antimaterialista	antimaterialista
postmaterialista	postmaterialista
guerracivilista	guerracivilista
monarquista	monarquista
anarquista	anarquista
antianarquista	antianarquista
anti-anarquista	anti-anarquista
anarcocomunista	anarcocomunista
anarco-comunista	anarco-comunista
anarkista	anarkista
anarco-individualista	anarco-individualista
anarcoindividualista	anarcoindividualista
anarco-capitalista	anarco-capitalista
anarcocapitalista	anarcocapitalista
sindicalista	sindicalista
antisindicalista	antisindicalista
anti-sindicalista	anti-sindicalista
exsindicalista	exsindicalista
ex-sindicalista	ex-sindicalista
anarco-sindicalista	anarco-sindicalista
anarcosindicalista	anarcosindicalista
anarcopacifista	anarcopacifista
progresista	progresista
liberal-progresista	liberal-progresista
pseudoprogresista	pseudoprogresista
antiprogresista	antiprogresista
anti-progresista	anti-progresista
continuista	continuista
reformista	reformista
contrarreformista	contrarreformista
antirreformista	antirreformista
naturalista	naturalista
antinaturalista	antinaturalista
chauvinista	chauvinista
chovinista	chovinista
machista	machista
neomachista	neomachista
antimachista	antimachista
anti-machista	anti-machista
humanista	humanista
neohumanista	neohumanista
antihumanista	antihumanista
ehumanista	ehumanista
científico-humanista	científico-humanista
coleccionista	coleccionista
racista	racista
antiracista	antiracista
anti-racista	anti-racista
antirracista	antirracista
minimalista	minimalista
mentalista	mentalista
comparatista	comparatista
jurista	jurista
juridicista	juridicista
comentarista	comentarista
discursista	discursista
sufragista	sufragista
derechista	derechista
ultraderechista	ultraderechista
ultra-derechista	ultra-derechista
antiderechista	antiderechista
anti-derechista	anti-derechista
centroderechista	centroderechista
centro-derechista	centro-derechista
izquierdista	izquierdista
ultraizquierdista	ultraizquierdista
ultra-izquierdista	ultra-izquierdista
antiizquierdista	antiizquierdista
anti-izquierdista	anti-izquierdista
centroizquierdista	centroizquierdista
centro-izquierdista	centro-izquierdista
partidista	partidista
independentista	independentista
anti-independentista	anti-independentista
antiindependentista	antiindependentista
pro-independentista	pro-independentista
proindependentista	proindependentista
preindependentista	preindependentista
exitista	exitista
animista	animista
cabalista	cabalista
kabalista	kabalista
talmudista	talmudista
budista	budista
mitraísta	mitraísta
shintoista	shintoista
shintoísta	shintoísta
sintoísta	sintoísta
sintoista	sintoista
zoroastrista	zoroastrista
greco-budista	greco-budista
buddhista	buddhista
moísta	moísta
confucionista	confucionista
neoconfucionista	neoconfucionista
lulista	lulista
zoroastra	zoroastra
tomista	tomista
neotomista	neotomista
sufista	sufista
jainista	jainista
yainista	yainista
taoista	taoista
taoísta	taoísta
contratista	contratista
contractista	contractista
ex-contratista	ex-contratista
excontratista	excontratista
sub-contratista	sub-contratista
subcontratista	subcontratista
oficialista	oficialista
ultraoficialista	ultraoficialista
accionista	accionista
sionista	sionista
zionista	zionista
pro-sionista	pro-sionista
prosionista	prosionista
anti-sionista	anti-sionista
antisionista	antisionista
doceañista	doceañista
juancarlista	juancarlista
carlista	carlista
anticarlista	anticarlista
bonapartista	bonapartista
allendista	allendista
antiallendista	antiallendista
anti-allendista	anti-allendista
peñista	peñista
antipeñista	antipeñista
priista	priista
priísta	priísta
antipriísta	antipriísta
antipriista	antipriista
perredista	perredista
experredista	experredista
ex-perredista	ex-perredista
expriista	expriista
juanpablista	juanpablista
papista	papista
antipapista	antipapista
orleanista	orleanista
porfirista	porfirista
antiporfirista	antiporfirista
batllista	batllista
titoista	titoista
lepenista	lepenista
zapatista	zapatista
zapaterista	zapaterista
neozapatista	neozapatista
sanchista	sanchista
aznarista	aznarista
sandinista	sandinista
antisandinista	antisandinista
gomecista	gomecista
antigomecista	antigomecista
machadista	machadista
antimachadista	antimachadista
trujillista	trujillista
antitrujillista	antitrujillista
pinochetista	pinochetista
thatcherista	thatcherista
trumpista	trumpista
bushista	bushista
obamista	obamista
peronista	peronista
neoperonista	neoperonista
anti-peronista	anti-peronista
antiperonista	antiperonista
uribista	uribista
kirchnerista	kirchnerista
antikirchnerista	antikirchnerista
guevarista	guevarista
chavista	chavista
anti-chavista	anti-chavista
antichavista	antichavista
prochavista	prochavista
pro-chavista	pro-chavista
castro-chavista	castro-chavista
castrochavista	castrochavista
fujimorista	fujimorista
antifujimorista	antifujimorista
correista	correista
correísta	correísta
anticorreísta	anticorreísta
anticorreista	anticorreista
fidelista	fidelista
castrista	castrista
procastrista	procastrista
anti-castrista	anti-castrista
anticastrista	anticastrista
neocastrista	neocastrista
vanguardista	vanguardista
neovanguardista	neovanguardista
futurista	futurista
retrofuturista	retrofuturista
retro-futurista	retro-futurista
congresista	congresista
excongresista	excongresista
ex-congresista	ex-congresista
modernista	modernista
neomodernista	neomodernista
posmodernista	posmodernista
postmodernista	postmodernista
post-modernista	post-modernista
anti-modernista	anti-modernista
antimodernista	antimodernista
alcista	alcista
colonialista	colonialista
neocolonialista	neocolonialista
anti-colonialista	anti-colonialista
anticolonialista	anticolonialista
imperialista	imperialista
neoimperialista	neoimperialista
antiimperialista	antiimperialista
antimperialista	antimperialista
pro-imperialista	pro-imperialista
proimperialista	proimperialista
anti-imperialista	anti-imperialista
intervencionista	intervencionista
intervensionista	intervensionista
anti-intervencionista	anti-intervencionista
antiintervencionista	antiintervencionista
ecologista	ecologista
eto-ecologista	eto-ecologista
antiecologista	antiecologista
anti-ecologista	anti-ecologista
ambientalista	ambientalista
exorcista	exorcista
fundamentalista	fundamentalista
absolutista	absolutista
antiabsolutista	antiabsolutista
golfista	golfista
documentalista	documentalista
clasista	clasista
narcisista	narcisista
narcicista	narcicista
tradicionalista	tradicionalista
neotradicionalista	neotradicionalista
convencionalista	convencionalista
perfeccionista	perfeccionista
relativista	relativista
no-relativista	no-relativista
amarillista	amarillista
sensacionalista	sensacionalista
sensasionalista	sensasionalista
transportista	transportista
publicista	publicista
golpista	golpista
antigolpista	antigolpista
islamista	islamista
panislamista	panislamista
anti-islamista	anti-islamista
antiislamista	antiislamista
prestamista	prestamista
altruista	altruista
estilista	estilista
inversionista	inversionista
bonista	bonista
cesionista	cesionista
perista	perista
microscopista	microscopista
criptoanalista	criptoanalista
probabilista	probabilista
algebrista	algebrista
descriptivista	descriptivista
generativista	generativista
linguista	linguista
lingüista	lingüista
etnolingüista	etnolingüista
psicolingüista	psicolingüista
sociolingüista	sociolingüista
semantista	semantista
pragmatista	pragmatista
fonetista	fonetista
experimentalista	experimentalista
manicurista	manicurista
pedicurista	pedicurista
maquillista	maquillista
tabaquista	tabaquista
salafista	salafista
yihadista	yihadista
yijadista	yijadista
jihadista	jihadista
cartoonista	cartoonista
antiyihadista	antiyihadista
autista	autista
oportunista	oportunista
justicialista	justicialista
voleibolista	voleibolista
voleybolista	voleybolista
exvoleibolista	exvoleibolista
ex-voleibolista	ex-voleibolista
softbolista	softbolista
basketbolista	basketbolista
basquetbolista	basquetbolista
exbasquetbolista	exbasquetbolista
ex-basquetbolista	ex-basquetbolista
baloncestista	baloncestista
exbaloncestista	exbaloncestista
ex-baloncestista	ex-baloncestista
balonmanista	balonmanista
exbalonmanista	exbalonmanista
ex-balonmanista	ex-balonmanista
individualista	individualista
extremista	extremista
pacifista	pacifista
ecopacifista	ecopacifista
eco-pacifista	eco-pacifista
teclista	teclista
exteclista	exteclista
ex-teclista	ex-teclista
tecladista	tecladista
ex-tecladista	ex-tecladista
extecladista	extecladista
mundialista	mundialista
globalista	globalista
laborista	laborista
laboralista	laboralista
detallista	detallista
elitista	elitista
antielitista	antielitista
oscurantista	oscurantista
sexista	sexista
costumbrista	costumbrista
separatista	separatista
antiseparatista	antiseparatista
anti-separatista	anti-separatista
simplista	simplista
intimista	intimista
consumista	consumista
anticonsumista	anticonsumista
hiperconsumista	hiperconsumista
medallista	medallista
monista	monista
dualista	dualista
no-dualista	no-dualista
irracionalista	irracionalista
racionalista	racionalista
antirracionalista	antirracionalista
anti-racionalista	anti-racionalista
esencialista	esencialista
antiesencialista	antiesencialista
anti-esencialista	anti-esencialista
kabbalista	kabbalista
nominalista	nominalista
empirista	empirista
alquimista	alquimista
paisajista	paisajista
caricaturista	caricaturista
conferencista	conferencista
percusionista	percusionista
adventista	adventista
maquinista	maquinista
paulista	paulista
surrealista	surrealista
neosurrealista	neosurrealista
neo-surrealista	neo-surrealista
ultraísta	ultraísta
ultraista	ultraista
martinfierrista	martinfierrista
estridentista	estridentista
dadaísta	dadaísta
neodadaísta	neodadaísta
neo-dadaísta	neo-dadaísta
dadaista	dadaista
neodadaista	neodadaista
neo-dadaista	neo-dadaista
primitivista	primitivista
espacialista	espacialista
vorticista	vorticista
impresionista	impresionista
preimpresionista	preimpresionista
neo-impresionista	neo-impresionista
neoimpresionista	neoimpresionista
romanticista	romanticista
posimpresionista	posimpresionista
post-impresionista	post-impresionista
postimpresionista	postimpresionista
expresionista	expresionista
neoexpresionista	neoexpresionista
neo-expresionista	neo-expresionista
simbolista	simbolista
acmeísta	acmeísta
cubista	cubista
neocubista	neocubista
fauvista	fauvista
feísta	feísta
fenomenalista	fenomenalista
transcendentalista	transcendentalista
existencialista	existencialista
objetivista	objetivista
subjetivista	subjetivista
deconstructivista	deconstructivista
posestructuralista	posestructuralista
postestructuralista	postestructuralista
post-estructuralista	post-estructuralista
estructuralista	estructuralista
neoestructuralista	neoestructuralista
positivista	positivista
neopositivista	neopositivista
antipositivista	antipositivista
beisbolista	beisbolista
exbeisbolista	exbeisbolista
ex-beisbolista	ex-beisbolista
inicialista	inicialista
centralista	centralista
anti-centralista	anti-centralista
anticentralista	anticentralista
centrista	centrista
etnocentrista	etnocentrista
eurocentrista	eurocentrista
laxista	laxista
ajedrecista	ajedrecista
soberanista	soberanista
panelista	panelista
clasicista	clasicista
neoclasicista	neoclasicista
egoista	egoista
egoísta	egoísta
fetichista	fetichista
ocultista	ocultista
pluralista	pluralista
exclusivista	exclusivista
purista	purista
determinista	determinista
verificacionista	verificacionista
constitucionalista	constitucionalista
constructivista	constructivista
inductivista	inductivista
logicista	logicista
intencionalista	intencionalista
formalista	formalista
antiformalista	antiformalista
anti-formalista	anti-formalista
funcionalista	funcionalista
bromista	bromista
moralista	moralista
anglicista	anglicista
anglista	anglista
indigenista	indigenista
neoindigenista	neoindigenista
hispanista	hispanista
filipinista	filipinista
arabista	arabista
eslavista	eslavista
españolista	españolista
antiespañolista	antiespañolista
andalucista	andalucista
andalucita	andalucita
sibarita	sibarita
troglodita	troglodita
antisemita	antisemita
islamita	islamita
semita	semita
chiita	chiita
sunní	sunní
sunnita	sunnita
sunita	sunita
israelita	israelita
galaadita	galaadita
seudohermafrodita	seudohermafrodita
pseudohermafrodita	pseudohermafrodita
hermafrodita	hermafrodita
sodomita	sodomita
jesuita	jesuita
jacobita	jacobita
hebraísta	hebraísta
hebraista	hebraista
americanista	americanista
antiamericanista	antiamericanista
latinoamericanista	latinoamericanista
panamericanista	panamericanista
hispanoamericanista	hispanoamericanista
centroamericanista	centroamericanista
mesoamericanista	mesoamericanista
europeísta	europeísta
antieuropeísta	antieuropeísta
europeista	europeista
antieuropeista	antieuropeista
orientalista	orientalista
africanista	africanista
mayista	mayista
lusista	lusista
fadista	fadista
manierista	manierista
zarista	zarista
antizarista	antizarista
anti-zarista	anti-zarista
masoquista	masoquista
sadomasoquista	sadomasoquista
sado-masoquista	sado-masoquista
metodista	metodista
regionalista	regionalista
creacionista	creacionista
evolucionista	evolucionista
antievolucionista	antievolucionista
anti-evolucionista	anti-evolucionista
surfista	surfista
nudista	nudista
exhibicionista	exhibicionista
exibicionista	exibicionista
extorsionista	extorsionista
chantajista	chantajista
bañista	bañista
apartidista	apartidista
unipartidista	unipartidista
bipartidista	bipartidista
bi-partidista	bi-partidista
antipartidista	antipartidista
pluripartidista	pluripartidista
multipartidista	multipartidista
monopartidista	monopartidista
interpartidista	interpartidista
no-partidista	no-partidista
naturista	naturista
hedonista	hedonista
lamaísta	lamaísta
hinduista	hinduista
hinduísta	hinduísta
shivaísta	shivaísta
krisnaísta	krisnaísta
maniqueísta	maniqueísta
maniqueista	maniqueista
alpinista	alpinista
andinista	andinista
federalista	federalista
antifederalista	antifederalista
marista	marista
conformista	conformista
inconformista	inconformista
no-conformista	no-conformista
anticonformista	anticonformista
libretista	libretista
historicista	historicista
paternalista	paternalista
ilusionista	ilusionista
valencianista	valencianista
exvalencianista	exvalencianista
ex-valencianista	ex-valencianista
liguista	liguista
barcelonista	barcelonista
exbarcelonista	exbarcelonista
antibarcelonista	antibarcelonista
externalista	externalista
instrumentista	instrumentista
instrumentalista	instrumentalista
multi-instrumentalista	multi-instrumentalista
multiinstrumentalista	multiinstrumentalista
multiinstrumentista	multiinstrumentista
multi-instrumentista	multi-instrumentista
multinstrumentista	multinstrumentista
militarista	militarista
guerrerista	guerrerista
antimilitarista	antimilitarista
belicista	belicista
antibelicista	antibelicista
anti-belicista	anti-belicista
anti-militarista	anti-militarista
concertista	concertista
urbanista	urbanista
proteccionista	proteccionista
revisionista	revisionista
antirrevisionista	antirrevisionista
nihilista	nihilista
muralista	muralista
cartelista	cartelista
socorrista	socorrista
senderista	senderista
campista	campista
excursionista	excursionista
folclorista	folclorista
folklorista	folklorista
perfumista	perfumista
tercermundista	tercermundista
genetista	genetista
reduccionista	reduccionista
expansionista	expansionista
catalanista	catalanista
anticatalanista	anticatalanista
seminarista	seminarista
ex-seminarista	ex-seminarista
exseminarista	exseminarista
proyectista	proyectista
proyeccionista	proyeccionista
velocista	velocista
autonomista	autonomista
calvinista	calvinista
espiritista	espiritista
animalista	animalista
tarotista	tarotista
contrabandista	contrabandista
pensionista	pensionista
burócrata	burócrata
antiburócrata	antiburócrata
burocrata	burocrata
antiburocrata	antiburocrata
guardia	guardia
astronauta	astronauta
aeronauta	aeronauta
cibernauta	cibernauta
cosmonauta	cosmonauta
autodidacta	autodidacta
cabecilla	cabecilla
centinela	centinela
demócrata	demócrata
democrata	democrata
homicida	homicida
jerarca	jerarca
políglota	políglota
poliglota	poliglota
psicópata	psicópata
psicopata	psicopata
psicologista	psicologista
sicologista	sicologista
psicoanalista	psicoanalista
sicoanalista	sicoanalista
psicomotricista	psicomotricista
hortera	hortera
pasota	pasota
pelma	pelma
artista	artista
marionetista	marionetista
grafista	grafista
video-artista	video-artista
videoartista	videoartista
maquetista	maquetista
galerista	galerista
tallerista	tallerista
tallista	tallista
maderista	maderista
linotipista	linotipista
mosaiquista	mosaiquista
ceramista	ceramista
acuarelista	acuarelista
pastelista	pastelista
retratista	retratista
miniaturista	miniaturista
especialista	especialista
subespecialista	subespecialista
editorialista	editorialista
periodista	periodista
videoperiodista	videoperiodista
ciberperiodista	ciberperiodista
cyberperiodista	cyberperiodista
experiodista	experiodista
ex-periodista	ex-periodista
fotoperiodista	fotoperiodista
foto-periodista	foto-periodista
telefonista	telefonista
monociclista	monociclista
ciclista	ciclista
pedalista	pedalista
ex-ciclista	ex-ciclista
exciclista	exciclista
motociclista	motociclista
motorista	motorista
automovilista	automovilista
bautista	bautista
baptista	baptista
anabaptista	anabaptista
vigía	vigía
vigia	vigia
virgen	virgen
turista	turista
idiota	idiota
covidiota	covidiota
imbécil	imbécil
imbecil	imbecil
inútil	inútil
inutil	inutil
joven	joven
bebé	bebé
ascensorista	ascensorista
electricista	electricista
florista	florista
taxista	taxista
mototaxista	mototaxista
atleta	atleta
cineasta	cineasta
logopeda	logopeda
terapeuta	terapeuta
fisioterapeuta	fisioterapeuta
terapista	terapista
fisioterapista	fisioterapista
otorrino	otorrino
pediatra	pediatra
ignorante	ignorante
cantante	cantante
excantante	excantante
ex-cantante	ex-cantante
contralto	contralto
baladista	baladista
bolerista	bolerista
cupletista	cupletista
cancionista	cancionista
suplente	suplente
reptante	reptante
ondeante	ondeante
sustentante	sustentante
detective	detective
guía	guía
guia	guia
cardenal	cardenal
contorsionista	contorsionista
reservista	reservista
rescatista	rescatista
panameñista	panameñista
relacionista	relacionista
supremacista	supremacista
carterista	carterista
cambista	cambista
municipalista	municipalista
vestuarista	vestuarista
huelguista	huelguista
galleguista	galleguista
galeguista	galeguista
fisicoculturista	fisicoculturista
clavadista	clavadista
tenebrista	tenebrista
productivista	productivista
utopista	utopista
tremendista	tremendista
radiestesista	radiestesista
unilateralista	unilateralista
multilateralista	multilateralista
tradeunionista	tradeunionista
contrapuntista	contrapuntista
ferrallista	ferrallista
kimbanguista	kimbanguista
culturalista	culturalista
liberacionista	liberacionista
industrialista	industrialista
cervantista	cervantista
dantista	dantista
georgista	georgista
abstraccionista	abstraccionista
blogista	blogista
simbologista	simbologista
fitotecnista	fitotecnista
biologista	biologista
reikista	reikista
frecuentista	frecuentista
santanista	santanista
daguerrotipista	daguerrotipista
retribucionista	retribucionista
libremercadista	libremercadista
librecambista	librecambista
compatibilista	compatibilista
ochentista	ochentista
setentista	setentista
sesentista	sesentista
cuatrocentista	cuatrocentista
ochocentista	ochocentista
noucentista	noucentista
novecentista	novecentista
lobbyista	lobbyista
transgenerista	transgenerista
cronometrista	cronometrista
institucionalista	institucionalista
neoinstitucionalista	neoinstitucionalista
barrista	barrista
alienista	alienista
heliocentrista	heliocentrista
androcentrista	androcentrista
ginocentrista	ginocentrista
horticulturista	horticulturista
canonista	canonista
epigrafista	epigrafista
cinematografista	cinematografista
millerista	millerista
dospuntocerista	dospuntocerista
filantropista	filantropista
caligrafista	caligrafista
buenista	buenista
ibarrista	ibarrista
toyotista	toyotista
tupamarista	tupamarista
torrijista	torrijista
congregacionista	congregacionista
lucifuercista	lucifuercista
coplista	coplista
eugenesista	eugenesista
tercerposicionista	tercerposicionista
jaramillista	jaramillista
pastoralista	pastoralista
mnemonista	mnemonista
colosista	colosista
catolicista	catolicista
pesebrista	pesebrista
belenista	belenista
insurreccionalista	insurreccionalista
sanjuanista	sanjuanista
mujerista	mujerista
mileniarista	mileniarista
situacionista	situacionista
funambulista	funambulista
macartista	macartista
zaplanista	zaplanista
fernandista	fernandista
poligenista	poligenista
saavedrista	saavedrista
renovacionista	renovacionista
atahualpista	atahualpista
molinista	molinista
familista	familista
pecenista	pecenista
rockista	rockista
triatlonista	triatlonista
hacktivista	hacktivista
lafarguista	lafarguista
flebotomista	flebotomista
halterista	halterista
villista	villista
modelista	modelista
ruralista	ruralista
abstencionista	abstencionista
obrerista	obrerista
maximalista	maximalista
onanista	onanista
agrarista	agrarista
iluminista	iluminista
almacenista	almacenista
anexionista	anexionista
solipsista	solipsista
felipista	felipista
facilista	facilista
salinista	salinista
ritualista	ritualista
carrancista	carrancista
gaullista	gaullista
atomista	atomista
voyeur	voyeur
voyerista	voyerista
voyeurista	voyeurista
hipnotista	hipnotista
vaticanista	vaticanista
sinarquista	sinarquista
parlamentarista	parlamentarista
roldosista	roldosista
chekista	chekista
romancista	romancista
finitista	finitista
tacticista	tacticista
estratega	estratega
metalurgista	metalurgista
reintegracionista	reintegracionista
metalista	metalista
autoctonista	autoctonista
eudemonista	eudemonista
partidarista	partidarista
wahabista	wahabista
ruletista	ruletista
autodeterminista	autodeterminista
diamantista	diamantista
tupacamarista	tupacamarista
dominionista	dominionista
burbujista	burbujista
sarmatista	sarmatista
controlista	controlista
averroísta	averroísta
asambleísta	asambleísta
asambleista	asambleista
peledeísta	peledeísta
ateneísta	ateneísta
liceísta	liceísta
exasambleísta	exasambleísta
leguiísta	leguiísta
elohísta	elohísta
librancista	librancista
sablista	sablista
amazonense	amazonense
sanmartinense	sanmartinense
pascuense	pascuense
chimboracense	chimboracense
cursi	cursi
sinvergüenza	sinvergüenza
mapuche	mapuche
geneticista	geneticista
bebé	bebé
camarada	camarada
compatriota	compatriota
patriota	patriota
abulense	abulense
panfletista	panfletista
radioescucha	radioescucha
guardabarrera	guardabarrera
CEO	CEO
salvaje	salvaje
agente	agente
auxiliar	auxiliar
chófer	chófer
militar	militar
escolar	escolar
mercader	mercader
anglohablante	anglohablante
catalanohablante	catalanohablante
gallegohablante	gallegohablante
vascohablante	vascohablante
quechuahablante	quechuahablante
galiparlista	galiparlista
castellanoparlante	castellanoparlante
catalanoparlante	catalanoparlante
gallegoparlante	gallegoparlante
angloparlante	angloparlante
vascoparlante	vascoparlante
postulante	postulante
anticlerical	anticlerical
asistente	asistente
vocabulista	vocabulista
