próceres	próceres
proceres	proceres
pívotes	pívotes
robots	robots
titulares	titulares
comensales	comensales
industriales	industriales
profesionales	profesionales
homosexuales	homosexuales
heterosexuales	heterosexuales
yóqueyes	yóqueyes
yoqueyes	yoqueyes
pelotaris	pelotaris
chefs	chefs
gourmets	gourmets
maîtres	maîtres
maitres	maitres
pobres	pobres
herejes	herejes
caciques	caciques
partícipes	partícipes
co-partícipes	co-partícipes
copartícipes	copartícipes
participes	participes
coparticipes	coparticipes
co-participes	co-participes
munícipes	munícipes
municipes	municipes
humoristas	humoristas
adopcionistas	adopcionistas
accesoristas	accesoristas
piratas	piratas
hackeres	hackeres
jáqueres	jáqueres
radicales	radicales
albañiles	albañiles
paralegales	paralegales
bachilleres	bachilleres
cajistas	cajistas
arbitrajistas	arbitrajistas
cobistas	cobistas
palabristas	palabristas
revanchistas	revanchistas
chapistas	chapistas
adamitas	adamitas
fordistas	fordistas
post-fordistas	post-fordistas
inmovilistas	inmovilistas
integracionistas	integracionistas
liberalistas	liberalistas
neoliberalistas	neoliberalistas
asistencialistas	asistencialistas
transformistas	transformistas
telegrafistas	telegrafistas
sonidistas	sonidistas
juerguistas	juerguistas
jipis	jipis
hippyes	hippyes
hippies	hippies
beatnikes	beatnikes
brigadistas	brigadistas
enciclopedistas	enciclopedistas
terrícolas	terrícolas
terricolas	terricolas
moscovitas	moscovitas
manhattanitas	manhattanitas
boricuas	boricuas
isrealitas	isrealitas
kievitas	kievitas
vietnamitas	vietnamitas
sarajevitas	sarajevitas
atenienses	atenienses
yemeníes	yemeníes
trinitenses	trinitenses
bangladesíes	bangladesíes
santalucenses	santalucenses
cataríes	cataríes
qataríes	qataríes
israelíes	israelíes
pakistaníes	pakistaníes
praguenses	praguenses
iraníes	iraníes
croatas	croatas
iraquíes	iraquíes
omaníes	omaníes
salomonenses	salomonenses
etíopes	etíopes
etiopes	etiopes
marroquíes	marroquíes
ceutíes	ceutíes
seychellenses	seychellenses
lisboetas	lisboetas
londinenses	londinenses
beirutíes	beirutíes
suazis	suazis
sanmarinenses	sanmarinenses
chipriotas	chipriotas
bahreiníes	bahreiníes
malgaches	malgaches
somalíes	somalíes
comorenses	comorenses
tegucigalpenses	tegucigalpenses
bruselenses	bruselenses
belgas	belgas
costarricenses	costarricenses
barbadenses	barbadenses
timorenses	timorenses
vanuatuenses	vanuatuenses
santotomenses	santotomenses
abudabíes	abudabíes
lesotenses	lesotenses
cairotas	cairotas
kuwaitíes	kuwaitíes
singapurenses	singapurenses
malienses	malienses
bagdadíes	bagdadíes
papúes	papúes
zimbabuenses	zimbabuenses
saudíes	saudíes
malauíes	malauíes
monotributistas	monotributistas
aperturistas	aperturistas
criminalistas	criminalistas
camaristas	camaristas
cortoplacistas	cortoplacistas
largoplacistas	largoplacistas
hinchas	hinchas
narcotraficantes	narcotraficantes
narcos	narcos
cicloturistas	cicloturistas
sensualistas	sensualistas
apologistas	apologistas
localistas	localistas
arribistas	arribistas
avalistas	avalistas
penquistas	penquistas
laicistas	laicistas
helenistas	helenistas
romanistas	romanistas
latinistas	latinistas
catastrofistas	catastrofistas
farandulistas	farandulistas
aliancistas	aliancistas
equilibristas	equilibristas
mileuristas	mileuristas
mineralogistas	mineralogistas
negacionistas	negacionistas
esperantistas	esperantistas
montañistas	montañistas
himalayistas	himalayistas
pireneístas	pireneístas
pireneistas	pireneistas
entreguistas	entreguistas
civilistas	civilistas
armamentistas	armamentistas
profesionistas	profesionistas
catequistas	catequistas
salmistas	salmistas
clarinetistas	clarinetistas
bandoneonistas	bandoneonistas
conductistas	conductistas
proselitistas	proselitistas
presidencialistas	presidencialistas
colaboracionistas	colaboracionistas
penalistas	penalistas
unionistas	unionistas
integristas	integristas
gremialistas	gremialistas
acordeonistas	acordeonistas
vitalistas	vitalistas
culturistas	culturistas
ebanistas	ebanistas
universalistas	universalistas
financistas	financistas
hacendistas	hacendistas
comisionistas	comisionistas
rentistas	rentistas
interioristas	interioristas
utilitaristas	utilitaristas
academicistas	academicistas
internistas	internistas
rupturistas	rupturistas
mutualistas	mutualistas
normalistas	normalistas
alarmistas	alarmistas
propagandistas	propagandistas
controversistas	controversistas
polemistas	polemistas
espiritualistas	espiritualistas
episcopalistas	episcopalistas
taxidermistas	taxidermistas
archivistas	archivistas
prohibicionistas	prohibicionistas
antiprohibicionistas	antiprohibicionistas
anti-prohibicionistas	anti-prohibicionistas
sudistas	sudistas
segregacionistas	segregacionistas
travestis	travestis
travestíes	travestíes
opusdeístas	opusdeístas
opusdeistas	opusdeistas
latifundistas	latifundistas
especistas	especistas
estajanovistas	estajanovistas
antiespecistas	antiespecistas
anti-especistas	anti-especistas
desarrollistas	desarrollistas
antidesarrollistas	antidesarrollistas
anti-desarrollistas	anti-desarrollistas
neodesarrollistas	neodesarrollistas
neo-desarrollistas	neo-desarrollistas
esgrimistas	esgrimistas
floretistas	floretistas
duelistas	duelistas
conservacionistas	conservacionistas
secesionistas	secesionistas
abolicionistas	abolicionistas
reeleccionistas	reeleccionistas
antirreleccionistas	antirreleccionistas
antireeleccionistas	antireeleccionistas
antirreeleccionistas	antirreeleccionistas
esclavistas	esclavistas
paneslavistas	paneslavistas
anti-esclavistas	anti-esclavistas
antiesclavistas	antiesclavistas
antenistas	antenistas
arcaístas	arcaístas
fatalistas	fatalistas
derrotistas	derrotistas
triunfalistas	triunfalistas
eticistas	eticistas
bioeticistas	bioeticistas
ontologistas	ontologistas
mercantilistas	mercantilistas
escapistas	escapistas
origenistas	origenistas
origamistas	origamistas
menoristas	menoristas
monopolistas	monopolistas
antimonopolistas	antimonopolistas
anti-monopolistas	anti-monopolistas
submarinistas	submarinistas
fashionistas	fashionistas
feministas	feministas
antifeministas	antifeministas
anti-feministas	anti-feministas
posfeministas	posfeministas
ecofeministas	ecofeministas
anarcofeministas	anarcofeministas
anarco-feministas	anarco-feministas
transfeministas	transfeministas
ciberfeministas	ciberfeministas
neofeministas	neofeministas
profeministas	profeministas
pro-feministas	pro-feministas
protofeministas	protofeministas
no-sexistas	no-sexistas
antisexistas	antisexistas
heterosexistas	heterosexistas
publirrelacionistas	publirrelacionistas
publirelacionistas	publirelacionistas
patriarcalistas	patriarcalistas
atacantes	atacantes
satanistas	satanistas
ex-satanistas	ex-satanistas
exsatanistas	exsatanistas
tronistas	tronistas
extronistas	extronistas
jazzistas	jazzistas
armonistas	armonistas
violinistas	violinistas
violistas	violistas
pianistas	pianistas
rabelistas	rabelistas
vibrafonistas	vibrafonistas
clavicembalistas	clavicembalistas
clavicordistas	clavicordistas
armonicistas	armonicistas
clavecinistas	clavecinistas
trombonistas	trombonistas
bandolinistas	bandolinistas
mandolinistas	mandolinistas
xilofonistas	xilofonistas
marimbistas	marimbistas
oboístas	oboístas
oboistas	oboistas
celistas	celistas
violoncelistas	violoncelistas
violonchelistas	violonchelistas
chelistas	chelistas
tubistas	tubistas
arpistas	arpistas
coristas	coristas
flautistas	flautistas
saxofonistas	saxofonistas
organistas	organistas
contrabajistas	contrabajistas
sobrecargos	sobrecargos
trompetistas	trompetistas
guitarristas	guitarristas
ex-guitarristas	ex-guitarristas
exguitarristas	exguitarristas
natalistas	natalistas
antinatalistas	antinatalistas
sofistas	sofistas
portavoces	portavoces
explosivistas	explosivistas
mandamáses	mandamáses
mandamases	mandamases
sabelotodos	sabelotodos
correveidiles	correveidiles
mártires	mártires
martires	martires
espías	espías
espias	espias
soldados	soldados
generales	generales
sargentos	sargentos
almirantes	almirantes
pilotos	pilotos
copilotos	copilotos
paracaidistas	paracaidistas
tenistas	tenistas
ex-tenistas	ex-tenistas
extenistas	extenistas
piraguistas	piraguistas
piragüistas	piragüistas
futbolistas	futbolistas
fubolistas	fubolistas
waterpolistas	waterpolistas
fútbolistas	fútbolistas
pugilistas	pugilistas
fondistas	fondistas
ultrafondistas	ultrafondistas
ultramaratonistas	ultramaratonistas
maratonistas	maratonistas
pesistas	pesistas
palistas	palistas
polistas	polistas
regatistas	regatistas
canoistas	canoistas
gimnastas	gimnastas
exfutbolistas	exfutbolistas
ex-futbolistas	ex-futbolistas
centrocampistas	centrocampistas
mediocampistas	mediocampistas
exmediocampistas	exmediocampistas
ex-mediocampistas	ex-mediocampistas
trapecistas	trapecistas
testigos	testigos
cónyuges	cónyuges
conyuges	conyuges
colegas	colegas
oficinistas	oficinistas
legistas	legistas
logistas	logistas
recepcionistas	recepcionistas
receptionistas	receptionistas
masajistas	masajistas
quiromasajistas	quiromasajistas
dentistas	dentistas
ecografistas	ecografistas
acupunturistas	acupunturistas
ortodoncistas	ortodoncistas
ortopedistas	ortopedistas
higienistas	higienistas
nutricionistas	nutricionistas
dietista-nutricionistas	dietista-nutricionistas
dietistas	dietistas
anestecistas	anestecistas
anestesistas	anestesistas
optometristas	optometristas
óptico-optometristas	óptico-optometristas
optico-optometristas	optico-optometristas
oculistas	oculistas
esteticistas	esteticistas
anatomistas	anatomistas
conserjes	conserjes
cancilleres	cancilleres
yonquis	yonquis
cabos	cabos
brigadas	brigadas
tenientes	tenientes
lugartenientes	lugartenientes
subtenientes	subtenientes
extenientes	extenientes
brigadieres	brigadieres
coroneles	coroneles
alféreces	alféreces
alfereces	alfereces
huéspedes	huéspedes
huespedes	huespedes
rehenes	rehenes
rehenes	rehenes
corresponsales	corresponsales
timoneles	timoneles
cónsules	cónsules
consules	consules
choferes	choferes
líderes	líderes
lideres	lideres
sumilleres	sumilleres
augures	augures
maniquíes	maniquíes
maniquis	maniquis
saltimbanquis	saltimbanquis
gurúes	gurúes
gurus	gurus
conferenciantes	conferenciantes
dibujantes	dibujantes
amanuenses	amanuenses
cicerones	cicerones
orfebres	orfebres
estatistas	estatistas
antiestatistas	antiestatistas
anti-estatistas	anti-estatistas
estadistas	estadistas
extraterrestres	extraterrestres
duendes	duendes
adoptantes	adoptantes
tripulantes	tripulantes
sedantes	sedantes
ejecutantes	ejecutantes
pubescentes	pubescentes
invidentes	invidentes
insolventes	insolventes
escribientes	escribientes
marchantes	marchantes
impenitentes	impenitentes
displicentes	displicentes
oficiantes	oficiantes
disciplinantes	disciplinantes
depositantes	depositantes
otorgantes	otorgantes
disertantes	disertantes
corregentes	corregentes
codependientes	codependientes
arcaizantes	arcaizantes
renunciantes	renunciantes
incontinentes	incontinentes
apostantes	apostantes
aplicantes	aplicantes
acreditantes	acreditantes
debatientes	debatientes
estudiantes	estudiantes
aprendientes	aprendientes
discentes	discentes
cursantes	cursantes
feriantes	feriantes
convalecientes	convalecientes
maleantes	maleantes
actuantes	actuantes
batientes	batientes
lacerantes	lacerantes
piantes	piantes
orantes	orantes
imprudentes	imprudentes
ocupantes	ocupantes
intrigantes	intrigantes
votantes	votantes
incumbentes	incumbentes
triunfantes	triunfantes
soñantes	soñantes
silbantes	silbantes
contrincantes	contrincantes
invitantes	invitantes
eximentes	eximentes
anunciantes	anunciantes
intolerantes	intolerantes
ponentes	ponentes
supervivientes	supervivientes
demandantes	demandantes
denunciantes	denunciantes
mandantes	mandantes
pudientes	pudientes
solicitantes	solicitantes
concedentes	concedentes
adherentes	adherentes
adquirentes	adquirentes
firmantes	firmantes
apelantes	apelantes
garantes	garantes
derechohabientes	derechohabientes
purgantes	purgantes
convocantes	convocantes
comitentes	comitentes
currantes	currantes
diletantes	diletantes
pedantes	pedantes
pujantes	pujantes
asaltantes	asaltantes
interrogantes	interrogantes
cooperantes	cooperantes
licitantes	licitantes
mercantes	mercantes
incitantes	incitantes
consultantes	consultantes
denigrantes	denigrantes
consagrantes	consagrantes
cargantes	cargantes
festejantes	festejantes
declarantes	declarantes
subyugantes	subyugantes
caminantes	caminantes
pasantes	pasantes
oyentes	oyentes
hablantes	hablantes
germanohablantes	germanohablantes
pinches	pinches
compinches	compinches
panas	panas
castellanohablantes	castellanohablantes
hispanohablantes	hispanohablantes
hispanoparlantes	hispanoparlantes
celebrantes	celebrantes
levantes	levantes
principiantes	principiantes
suplicantes	suplicantes
licenciantes	licenciantes
litigantes	litigantes
deponentes	deponentes
registrantes	registrantes
despachantes	despachantes
expropiantes	expropiantes
promoventes	promoventes
accionantes	accionantes
lactantes	lactantes
errantes	errantes
simpatizantes	simpatizantes
impacientes	impacientes
buenagentes	buenagentes
debutantes	debutantes
nigromantes	nigromantes
petulantes	petulantes
fabricantes	fabricantes
navegantes	navegantes
mutantes	mutantes
ingresantes	ingresantes
concursantes	concursantes
exconcursantes	exconcursantes
ex-concursantes	ex-concursantes
videntes	videntes
vigilantes	vigilantes
protestantes	protestantes
transeúntes	transeúntes
transeuntes	transeuntes
migrantes	migrantes
emigrantes	emigrantes
inmigrantes	inmigrantes
habitantes	habitantes
cohabitantes	cohabitantes
creyentes	creyentes
aspirantes	aspirantes
acompañantes	acompañantes
descendientes	descendientes
oponentes	oponentes
ambulantes	ambulantes
itinerantes	itinerantes
exigentes	exigentes
disidentes	disidentes
combatientes	combatientes
militantes	militantes
exmilitantes	exmilitantes
ex-militantes	ex-militantes
operantes	operantes
decadentes	decadentes
terratenientes	terratenientes
confidentes	confidentes
impotentes	impotentes
imponentes	imponentes
proponentes	proponentes
prepotentes	prepotentes
irreverentes	irreverentes
incompetentes	incompetentes
competentes	competentes
obedientes	obedientes
insistentes	insistentes
insurgentes	insurgentes
dementes	dementes
indigentes	indigentes
reticentes	reticentes
indecentes	indecentes
decentes	decentes
vehementes	vehementes
insolentes	insolentes
rebeldes	rebeldes
gobernantes	gobernantes
exgovernantes	exgovernantes
ex-governantes	ex-governantes
inconscientes	inconscientes
inconcientes	inconcientes
intérpretes	intérpretes
interpretes	interpretes
participantes	participantes
exparticipantes	exparticipantes
ex-participantes	ex-participantes
dirigentes	dirigentes
residentes	residentes
no-residentes	no-residentes
inocentes	inocentes
integrantes	integrantes
exintegrantes	exintegrantes
valientes	valientes
resistentes	resistentes
nobles	nobles
visitantes	visitantes
adolescentes	adolescentes
adolecentes	adolecentes
docentes	docentes
representantes	representantes
exrepresentates	exrepresentates
ex-representantes	ex-representantes
pacientes	pacientes
ayudantes	ayudantes
constituyentes	constituyentes
traficantes	traficantes
viajantes	viajantes
campantes	campantes
paseantes	paseantes
delincuentes	delincuentes
delicuentes	delicuentes
amantes	amantes
examantes	examantes
ex-amantes	ex-amantes
comandantes	comandantes
subcomandantes	subcomandantes
excomandantes	excomandantes
ex-comandantes	ex-comandantes
manifestantes	manifestantes
informantes	informantes
espadistas	espadistas
estadounidenses	estadounidenses
francocanadienses	francocanadienses
canadienses	canadienses
nicaragüenses	nicaragüenses
hondurenses	hondurenses
comerciantes	comerciantes
conexionistas	conexionistas
petardistas	petardistas
televangelistas	televangelistas
tele-evangelistas	tele-evangelistas
posthumanistas	posthumanistas
transhumanistas	transhumanistas
darwinistas	darwinistas
neo-darwinistas	neo-darwinistas
neodarwinistas	neodarwinistas
bolivaristas	bolivaristas
estalinistas	estalinistas
antiestalinistas	antiestalinistas
neoestalinistas	neoestalinistas
maoistas	maoistas
maoístas	maoístas
trotskistas	trotskistas
leninistas	leninistas
antileninistas	antileninistas
bolcheviques	bolcheviques
marxistas	marxistas
anti-marxistas	anti-marxistas
antimarxistas	antimarxistas
marxista-leninistas	marxista-leninistas
neomarxistas	neomarxistas
neo-marxistas	neo-marxistas
posmarxistas	posmarxistas
post-marxistas	post-marxistas
socialistas	socialistas
anti-socialistas	anti-socialistas
antisocialistas	antisocialistas
pro-socialistas	pro-socialistas
prosocialistas	prosocialistas
exsocialistas	exsocialistas
ex-socialistas	ex-socialistas
ecosocialistas	ecosocialistas
eco-socialistas	eco-socialistas
radical-socialistas	radical-socialistas
socialista-comunistas	socialista-comunistas
neosocialistas	neosocialistas
colectivistas	colectivistas
cooperativistas	cooperativistas
idealistas	idealistas
populistas	populistas
neopopulistas	neopopulistas
antipopulistas	antipopulistas
anti-populistas	anti-populistas
posibilistas	posibilistas
ateistas	ateistas
ateístas	ateístas
monoteístas	monoteístas
monoteistas	monoteistas
teistas	teistas
teístas	teístas
politeístas	politeístas
politeistas	politeistas
panteístas	panteístas
panteistas	panteistas
deístas	deístas
deistas	deistas
comunalistas	comunalistas
comunistas	comunistas
komunistas	komunistas
excomunistas	excomunistas
ex-comunistas	ex-comunistas
anticomunistas	anticomunistas
anti-comunistas	anti-comunistas
pro-comunistas	pro-comunistas
procomunistas	procomunistas
neocomunistas	neocomunistas
neo-comunistas	neo-comunistas
post-comunistas	post-comunistas
pos-comunistas	pos-comunistas
poscomunistas	poscomunistas
eurocomunistas	eurocomunistas
no-comunistas	no-comunistas
abortistas	abortistas
pro-abortistas	pro-abortistas
proaboristas	proaboristas
antiabortistas	antiabortistas
anti-abortistas	anti-abortistas
narcomenudistas	narcomenudistas
terroristas	terroristas
contraterroristas	contraterroristas
narco-terroristas	narco-terroristas
narcoterroristas	narcoterroristas
bioterroristas	bioterroristas
eco-terroristas	eco-terroristas
ecoterroristas	ecoterroristas
exterroristas	exterroristas
ex-terroristas	ex-terroristas
antiterroristas	antiterroristas
anti-terroristas	anti-terroristas
proterroristas	proterroristas
pro-terroristas	pro-terroristas
protagonistas	protagonistas
exprotagonistas	exprotagonistas
ex-protagonistas	ex-protagonistas
coprotagonistas	coprotagonistas
co-protagonistas	co-protagonistas
antagonistas	antagonistas
realistas	realistas
hiperrealistas	hiperrealistas
hiper-realistas	hiper-realistas
ultrarrealistas	ultrarrealistas
ultra-rrealistas	ultra-rrealistas
neorrealistas	neorrealistas
neorealistas	neorealistas
neo-realistas	neo-realistas
anti-realistas	anti-realistas
antirrealistas	antirrealistas
antirealistas	antirealistas
fotorealistas	fotorealistas
foto-realistas	foto-realistas
superrealistas	superrealistas
deportivistas	deportivistas
deportistas	deportistas
exdeportistas	exdeportistas
ex-deportistas	ex-deportistas
apneístas	apneístas
apneistas	apneistas
capoeiristas	capoeiristas
capoeristas	capoeristas
kartistas	kartistas
garajistas	garajistas
plusmarquistas	plusmarquistas
explusmarquistas	explusmarquistas
ex-plusmarquistas	ex-plusmarquistas
relevistas	relevistas
tardocapitalistas	tardocapitalistas
ultracapitalistas	ultracapitalistas
hipercapitalistas	hipercapitalistas
capitalistas	capitalistas
kapitalistas	kapitalistas
no-capitalistas	no-capitalistas
capitalista-imperialistas	capitalista-imperialistas
anticapitalistas	anticapitalistas
anti-capitalistas	anti-capitalistas
pro-capitalistas	pro-capitalistas
procapitalistas	procapitalistas
poscapitalistas	poscapitalistas
post-capitalistas	post-capitalistas
postcapitalistas	postcapitalistas
neocapitalistas	neocapitalistas
vocalistas	vocalistas
co-vocalistas	co-vocalistas
ex-vocalistas	ex-vocalistas
exvocalistas	exvocalistas
bajistas	bajistas
exbajistas	exbajistas
ex-bajistas	ex-bajistas
solistas	solistas
activistas	activistas
malabaristas	malabaristas
medievalistas	medievalistas
taxonomistas	taxonomistas
etimologistas	etimologistas
economistas	economistas
econometristas	econometristas
monetaristas	monetaristas
economicistas	economicistas
antiinflacionistas	antiinflacionistas
execonomistas	execonomistas
ex-economistas	ex-economistas
macroeconomistas	macroeconomistas
legalistas	legalistas
nacionalistas	nacionalistas
antinacionalistas	antinacionalistas
anti-nacionalistas	anti-nacionalistas
no-nacionalistas	no-nacionalistas
etnonacionalistas	etnonacionalistas
ultranacionalistas	ultranacionalistas
ultra-nacionalistas	ultra-nacionalistas
internacionalistas	internacionalistas
econacionalistas	econacionalistas
eco-nacionalistas	eco-nacionalistas
aislacionistas	aislacionistas
bioanalistas	bioanalistas
analistas	analistas
ex-analistas	ex-analistas
exanalistas	exanalistas
optimistas	optimistas
pesimistas	pesimistas
nazistas	nazistas
nacionalsocialistas	nacionalsocialistas
nacional-socialistas	nacional-socialistas
salazaristas	salazaristas
franquistas	franquistas
neofranquistas	neofranquistas
antifranquistas	antifranquistas
anti-franquistas	anti-franquistas
profranquistas	profranquistas
falangistas	falangistas
neofalangistas	neofalangistas
antifalangistas	antifalangistas
anti-falangistas	anti-falangistas
nacionalsindicalistas	nacionalsindicalistas
caudillistas	caudillistas
corporativistas	corporativistas
fascistas	fascistas
proto-fascistas	proto-fascistas
protofascistas	protofascistas
fachistas	fachistas
antifascistas	antifascistas
anti-fascistas	anti-fascistas
profascistas	profascistas
pro-fascistas	pro-fascistas
neofascistas	neofascistas
neo-fascistas	neo-fascistas
nazi-fascistas	nazi-fascistas
nazifascistas	nazifascistas
filofascistas	filofascistas
filo-fascistas	filo-fascistas
posfascistas	posfascistas
penitenciaristas	penitenciaristas
dialoguistas	dialoguistas
monologuistas	monologuistas
monologistas	monologistas
crucigramistas	crucigramistas
copistas	copistas
genealogistas	genealogistas
letristas	letristas
co-letristas	co-letristas
historietistas	historietistas
tradicionistas	tradicionistas
madrigalistas	madrigalistas
memorialistas	memorialistas
epigramistas	epigramistas
novelistas	novelistas
portadistas	portadistas
satiristas	satiristas
antologistas	antologistas
cronologistas	cronologistas
versistas	versistas
prosistas	prosistas
fabulistas	fabulistas
proverbistas	proverbistas
prologuistas	prologuistas
prologistas	prologistas
cronistas	cronistas
cuentistas	cuentistas
diaristas	diaristas
ensayistas	ensayistas
tratadistas	tratadistas
guionistas	guionistas
co-guionistas	co-guionistas
coguionistas	coguionistas
director-guionistas	director-guionistas
columnistas	columnistas
articulistas	articulistas
asentistas	asentistas
finalistas	finalistas
semifinalistas	semifinalistas
semi-finalistas	semi-finalistas
cuartofinalistas	cuartofinalistas
octavofinalistas	octavofinalistas
bateristas	bateristas
ex-bateristas	ex-bateristas
exbateristas	exbateristas
generalistas	generalistas
renacentistas	renacentistas
neorrenacentistas	neorrenacentistas
neorenacentistas	neorenacentistas
neo-renacentistas	neo-renacentistas
prerrenacentistas	prerrenacentistas
protorrenacentistas	protorrenacentistas
cientificistas	cientificistas
cientifistas	cientifistas
cientistas	cientistas
mecanicistas	mecanicistas
materialistas	materialistas
antimaterialistas	antimaterialistas
postmaterialistas	postmaterialistas
guerracivilistas	guerracivilistas
monarquistas	monarquistas
anarquistas	anarquistas
antianarquistas	antianarquistas
anti-anarquistas	anti-anarquistas
anarcocomunistas	anarcocomunistas
anarco-comunistas	anarco-comunistas
anarkistas	anarkistas
anarco-individualistas	anarco-individualistas
anarcoindividualistas	anarcoindividualistas
anarco-capitalistas	anarco-capitalistas
anarcocapitalistas	anarcocapitalistas
sindicalistas	sindicalistas
antisindicalistas	antisindicalistas
anti-sindicalistas	anti-sindicalistas
exsindicalistas	exsindicalistas
ex-sindicalistas	ex-sindicalistas
anarco-sindicalistas	anarco-sindicalistas
anarcosindicalistas	anarcosindicalistas
anarcopacifistas	anarcopacifistas
progresistas	progresistas
liberal-progresistas	liberal-progresistas
pseudoprogresistas	pseudoprogresistas
antiprogresistas	antiprogresistas
anti-progresistas	anti-progresistas
continuistas	continuistas
reformistas	reformistas
contrarreformistas	contrarreformistas
antirreformistas	antirreformistas
naturalistas	naturalistas
antinaturalistas	antinaturalistas
chauvinistas	chauvinistas
chovinistas	chovinistas
machistas	machistas
neomachistas	neomachistas
antimachistas	antimachistas
anti-machistas	anti-machistas
humanistas	humanistas
neohumanistas	neohumanistas
antihumanistas	antihumanistas
ehumanistas	ehumanistas
científico-humanistas	científico-humanistas
coleccionistas	coleccionistas
racistas	racistas
antiracistas	antiracistas
anti-racistas	anti-racistas
antirracistas	antirracistas
minimalistas	minimalistas
mentalistas	mentalistas
comparatistas	comparatistas
juristas	juristas
juridicistas	juridicistas
comentaristas	comentaristas
discursistas	discursistas
sufragistas	sufragistas
derechistas	derechistas
ultraderechistas	ultraderechistas
ultra-derechistas	ultra-derechistas
antiderechistas	antiderechistas
anti-derechistas	anti-derechistas
centroderechistas	centroderechistas
centro-derechistas	centro-derechistas
izquierdistas	izquierdistas
ultraizquierdistas	ultraizquierdistas
ultra-izquierdistas	ultra-izquierdistas
antiizquierdistas	antiizquierdistas
anti-izquierdistas	anti-izquierdistas
centroizquierdistas	centroizquierdistas
centro-izquierdistas	centro-izquierdistas
partidistas	partidistas
independentistas	independentistas
anti-independentistas	anti-independentistas
antiindependentistas	antiindependentistas
pro-independentistas	pro-independentistas
proindependentistas	proindependentistas
preindependentistas	preindependentistas
exitistas	exitistas
animistas	animistas
cabalistas	cabalistas
kabalistas	kabalistas
talmudistas	talmudistas
budistas	budistas
mitraístas	mitraístas
shintoistas	shintoistas
shintoístas	shintoístas
sintoístas	sintoístas
sintoistas	sintoistas
zoroastristas	zoroastristas
greco-budistas	greco-budistas
buddhistas	buddhistas
moístas	moístas
confucionistas	confucionistas
neoconfucionistas	neoconfucionistas
lulistas	lulistas
zoroastras	zoroastras
tomistas	tomistas
neotomistas	neotomistas
sufistas	sufistas
jainistas	jainistas
yainistas	yainistas
taoistas	taoistas
taoístas	taoístas
contratistas	contratistas
contractistas	contractistas
ex-contratistas	ex-contratistas
excontratistas	excontratistas
sub-contratistas	sub-contratistas
subcontratistas	subcontratistas
oficialistas	oficialistas
ultraoficialistas	ultraoficialistas
accionistas	accionistas
sionistas	sionistas
zionistas	zionistas
pro-sionistas	pro-sionistas
prosionistas	prosionistas
anti-sionistas	anti-sionistas
antisionistas	antisionistas
doceañistas	doceañistas
juancarlistas	juancarlistas
carlistas	carlistas
anticarlistas	anticarlistas
bonapartistas	bonapartistas
allendistas	allendistas
antiallendistas	antiallendistas
anti-allendistas	anti-allendistas
peñistas	peñistas
antipeñistas	antipeñistas
priistas	priistas
priístas	priístas
antipriístas	antipriístas
antipriistas	antipriistas
perredistas	perredistas
experredistas	experredistas
ex-perredistas	ex-perredistas
expriistas	expriistas
juanpablistas	juanpablistas
papistas	papistas
antipapistas	antipapistas
orleanistas	orleanistas
porfiristas	porfiristas
antiporfiristas	antiporfiristas
batllistas	batllistas
titoistas	titoistas
lepenistas	lepenistas
zapatistas	zapatistas
zapateristas	zapateristas
neozapatistas	neozapatistas
sanchistas	sanchistas
aznaristas	aznaristas
sandinistas	sandinistas
antisandinistas	antisandinistas
gomecistas	gomecistas
antigomecistas	antigomecistas
machadistas	machadistas
antimachadistas	antimachadistas
trujillistas	trujillistas
antitrujillistas	antitrujillistas
pinochetistas	pinochetistas
thatcheristas	thatcheristas
trumpistas	trumpistas
bushistas	bushistas
obamistas	obamistas
peronistas	peronistas
neoperonistas	neoperonistas
anti-peronistas	anti-peronistas
antiperonistas	antiperonistas
uribistas	uribistas
kirchneristas	kirchneristas
antikirchneristas	antikirchneristas
guevaristas	guevaristas
chavistas	chavistas
anti-chavistas	anti-chavistas
antichavistas	antichavistas
prochavistas	prochavistas
pro-chavistas	pro-chavistas
castro-chavistas	castro-chavistas
castrochavistas	castrochavistas
fujimoristas	fujimoristas
antifujimoristas	antifujimoristas
correistas	correistas
correístas	correístas
anticorreístas	anticorreístas
anticorreistas	anticorreistas
fidelistas	fidelistas
castristas	castristas
procastristas	procastristas
anti-castristas	anti-castristas
anticastristas	anticastristas
neocastristas	neocastristas
vanguardistas	vanguardistas
neovanguardistas	neovanguardistas
futuristas	futuristas
retrofuturistas	retrofuturistas
retro-futuristas	retro-futuristas
congresistas	congresistas
excongresistas	excongresistas
ex-congresistas	ex-congresistas
modernistas	modernistas
neomodernistas	neomodernistas
posmodernistas	posmodernistas
postmodernistas	postmodernistas
post-modernistas	post-modernistas
anti-modernistas	anti-modernistas
antimodernistas	antimodernistas
alcistas	alcistas
colonialistas	colonialistas
neocolonialistas	neocolonialistas
anti-colonialistas	anti-colonialistas
anticolonialistas	anticolonialistas
imperialistas	imperialistas
neoimperialistas	neoimperialistas
antiimperialistas	antiimperialistas
antimperialistas	antimperialistas
pro-imperialistas	pro-imperialistas
proimperialistas	proimperialistas
anti-imperialistas	anti-imperialistas
intervencionistas	intervencionistas
intervensionistas	intervensionistas
anti-intervencionistas	anti-intervencionistas
antiintervencionistas	antiintervencionistas
ecologistas	ecologistas
eto-ecologistas	eto-ecologistas
antiecologistas	antiecologistas
anti-ecologistas	anti-ecologistas
ambientalistas	ambientalistas
exorcistas	exorcistas
fundamentalistas	fundamentalistas
absolutistas	absolutistas
antiabsolutistas	antiabsolutistas
golfistas	golfistas
documentalistas	documentalistas
clasistas	clasistas
narcisistas	narcisistas
narcicistas	narcicistas
tradicionalistas	tradicionalistas
neotradicionalistas	neotradicionalistas
convencionalistas	convencionalistas
perfeccionistas	perfeccionistas
relativistas	relativistas
no-relativistas	no-relativistas
amarillistas	amarillistas
sensacionalistas	sensacionalistas
sensasionalistas	sensasionalistas
transportistas	transportistas
publicistas	publicistas
golpistas	golpistas
antigolpistas	antigolpistas
islamistas	islamistas
panislamistas	panislamistas
anti-islamistas	anti-islamistas
antiislamistas	antiislamistas
prestamistas	prestamistas
altruistas	altruistas
estilistas	estilistas
inversionistas	inversionistas
bonistas	bonistas
cesionistas	cesionistas
peristas	peristas
microscopistas	microscopistas
criptoanalistas	criptoanalistas
probabilistas	probabilistas
algebristas	algebristas
descriptivistas	descriptivistas
generativistas	generativistas
linguistas	linguistas
lingüistas	lingüistas
etnolingüistas	etnolingüistas
psicolingüistas	psicolingüistas
sociolingüistas	sociolingüistas
semantistas	semantistas
pragmatistas	pragmatistas
fonetistas	fonetistas
experimentalistas	experimentalistas
manicuristas	manicuristas
pedicuristas	pedicuristas
maquillistas	maquillistas
tabaquistas	tabaquistas
salafistas	salafistas
yihadistas	yihadistas
yijadistas	yijadistas
jihadistas	jihadistas
cartoonistas	cartoonistas
antiyihadistas	antiyihadistas
autistas	autistas
oportunistas	oportunistas
justicialistas	justicialistas
voleibolistas	voleibolistas
voleybolistas	voleybolistas
exvoleibolistas	exvoleibolistas
ex-voleibolistas	ex-voleibolistas
softbolistas	softbolistas
basketbolistas	basketbolistas
basquetbolistas	basquetbolistas
exbasquetbolistas	exbasquetbolistas
ex-basquetbolistas	ex-basquetbolistas
baloncestistas	baloncestistas
exbaloncestistas	exbaloncestistas
ex-baloncestistas	ex-baloncestistas
balonmanistas	balonmanistas
exbalonmanistas	exbalonmanistas
ex-balonmanistas	ex-balonmanistas
individualistas	individualistas
extremistas	extremistas
pacifistas	pacifistas
ecopacifistas	ecopacifistas
eco-pacifistas	eco-pacifistas
teclistas	teclistas
exteclistas	exteclistas
ex-teclistas	ex-teclistas
tecladistas	tecladistas
ex-tecladistas	ex-tecladistas
extecladistas	extecladistas
mundialistas	mundialistas
globalistas	globalistas
laboristas	laboristas
laboralistas	laboralistas
detallistas	detallistas
elitistas	elitistas
antielitistas	antielitistas
oscurantistas	oscurantistas
sexistas	sexistas
costumbristas	costumbristas
separatistas	separatistas
antiseparatistas	antiseparatistas
anti-separatistas	anti-separatistas
simplistas	simplistas
intimistas	intimistas
consumistas	consumistas
anticonsumistas	anticonsumistas
hiperconsumistas	hiperconsumistas
medallistas	medallistas
monistas	monistas
dualistas	dualistas
no-dualistas	no-dualistas
irracionalistas	irracionalistas
racionalistas	racionalistas
antirracionalistas	antirracionalistas
anti-racionalistas	anti-racionalistas
esencialistas	esencialistas
antiesencialistas	antiesencialistas
anti-esencialistas	anti-esencialistas
kabbalistas	kabbalistas
nominalistas	nominalistas
empiristas	empiristas
alquimistas	alquimistas
paisajistas	paisajistas
caricaturistas	caricaturistas
conferencistas	conferencistas
percusionistas	percusionistas
adventistas	adventistas
maquinistas	maquinistas
paulistas	paulistas
surrealistas	surrealistas
neosurrealistas	neosurrealistas
neo-surrealistas	neo-surrealistas
ultraístas	ultraístas
ultraistas	ultraistas
martinfierristas	martinfierristas
estridentistas	estridentistas
dadaístas	dadaístas
neodadaístas	neodadaístas
neo-dadaístas	neo-dadaístas
dadaistas	dadaistas
neodadaistas	neodadaistas
neo-dadaistas	neo-dadaistas
primitivistas	primitivistas
espacialistas	espacialistas
vorticistas	vorticistas
impresionistas	impresionistas
preimpresionistas	preimpresionistas
neo-impresionistas	neo-impresionistas
neoimpresionistas	neoimpresionistas
romanticistas	romanticistas
posimpresionistas	posimpresionistas
post-impresionistas	post-impresionistas
postimpresionistas	postimpresionistas
expresionistas	expresionistas
neoexpresionistas	neoexpresionistas
neo-expresionistas	neo-expresionistas
simbolistas	simbolistas
acmeístas	acmeístas
cubistas	cubistas
neocubistas	neocubistas
fauvistas	fauvistas
feístas	feístas
fenomenalistas	fenomenalistas
transcendentalistas	transcendentalistas
existencialistas	existencialistas
objetivistas	objetivistas
subjetivistas	subjetivistas
deconstructivistas	deconstructivistas
posestructuralistas	posestructuralistas
postestructuralistas	postestructuralistas
post-estructuralistas	post-estructuralistas
estructuralistas	estructuralistas
neoestructuralistas	neoestructuralistas
positivistas	positivistas
neopositivistas	neopositivistas
antipositivistas	antipositivistas
beisbolistas	beisbolistas
exbeisbolistas	exbeisbolistas
ex-beisbolistas	ex-beisbolistas
inicialistas	inicialistas
centralistas	centralistas
anti-centralistas	anti-centralistas
anticentralistas	anticentralistas
centristas	centristas
etnocentristas	etnocentristas
eurocentristas	eurocentristas
laxistas	laxistas
ajedrecistas	ajedrecistas
soberanistas	soberanistas
panelistas	panelistas
clasicistas	clasicistas
neoclasicistas	neoclasicistas
egoistas	egoistas
egoístas	egoístas
fetichistas	fetichistas
ocultistas	ocultistas
pluralistas	pluralistas
exclusivistas	exclusivistas
puristas	puristas
deterministas	deterministas
verificacionistas	verificacionistas
constitucionalistas	constitucionalistas
constructivistas	constructivistas
inductivistas	inductivistas
logicistas	logicistas
intencionalistas	intencionalistas
formalistas	formalistas
antiformalistas	antiformalistas
anti-formalistas	anti-formalistas
funcionalistas	funcionalistas
bromistas	bromistas
moralistas	moralistas
anglicistas	anglicistas
anglistas	anglistas
indigenistas	indigenistas
neoindigenistas	neoindigenistas
hispanistas	hispanistas
filipinistas	filipinistas
arabistas	arabistas
eslavistas	eslavistas
españolistas	españolistas
antiespañolistas	antiespañolistas
andalucistas	andalucistas
andalucitas	andalucitas
sibaritas	sibaritas
trogloditas	trogloditas
antisemitas	antisemitas
islamitas	islamitas
semitas	semitas
chiitas	chiitas
sunníes	sunníes
sunnitas	sunnitas
sunitas	sunitas
israelitas	israelitas
galaaditas	galaaditas
seudohermafroditas	seudohermafroditas
pseudohermafroditas	pseudohermafroditas
hermafroditas	hermafroditas
sodomitas	sodomitas
jesuitas	jesuitas
jacobitas	jacobitas
hebraístas	hebraístas
hebraistas	hebraistas
americanistas	americanistas
antiamericanistas	antiamericanistas
latinoamericanistas	latinoamericanistas
panamericanistas	panamericanistas
hispanoamericanistas	hispanoamericanistas
centroamericanistas	centroamericanistas
mesoamericanistas	mesoamericanistas
europeístas	europeístas
antieuropeístas	antieuropeístas
europeistas	europeistas
antieuropeistas	antieuropeistas
orientalistas	orientalistas
africanistas	africanistas
mayistas	mayistas
lusistas	lusistas
fadistas	fadistas
manieristas	manieristas
zaristas	zaristas
antizaristas	antizaristas
anti-zaristas	anti-zaristas
masoquistas	masoquistas
sadomasoquistas	sadomasoquistas
sado-masoquistas	sado-masoquistas
metodistas	metodistas
regionalistas	regionalistas
creacionistas	creacionistas
evolucionistas	evolucionistas
antievolucionistas	antievolucionistas
anti-evolucionistas	anti-evolucionistas
surfistas	surfistas
nudistas	nudistas
exhibicionistas	exhibicionistas
exibicionistas	exibicionistas
extorsionistas	extorsionistas
chantajistas	chantajistas
bañistas	bañistas
apartidistas	apartidistas
unipartidistas	unipartidistas
bipartidistas	bipartidistas
bi-partidistas	bi-partidistas
antipartidistas	antipartidistas
pluripartidistas	pluripartidistas
multipartidistas	multipartidistas
monopartidistas	monopartidistas
interpartidistas	interpartidistas
no-partidistas	no-partidistas
naturistas	naturistas
hedonistas	hedonistas
lamaístas	lamaístas
hinduistas	hinduistas
hinduístas	hinduístas
shivaístas	shivaístas
krisnaístas	krisnaístas
maniqueístas	maniqueístas
maniqueistas	maniqueistas
alpinistas	alpinistas
andinistas	andinistas
federalistas	federalistas
antifederalistas	antifederalistas
maristas	maristas
conformistas	conformistas
inconformistas	inconformistas
no-conformistas	no-conformistas
anticonformistas	anticonformistas
libretistas	libretistas
historicistas	historicistas
paternalistas	paternalistas
ilusionistas	ilusionistas
valencianistas	valencianistas
exvalencianistas	exvalencianistas
ex-valencianistas	ex-valencianistas
liguistas	liguistas
barcelonistas	barcelonistas
exbarcelonistas	exbarcelonistas
antibarcelonistas	antibarcelonistas
externalistas	externalistas
instrumentistas	instrumentistas
instrumentalistas	instrumentalistas
multi-instrumentalistas	multi-instrumentalistas
multiinstrumentalistas	multiinstrumentalistas
multiinstrumentistas	multiinstrumentistas
multi-instrumentistas	multi-instrumentistas
multinstrumentistas	multinstrumentistas
militaristas	militaristas
guerreristas	guerreristas
antimilitaristas	antimilitaristas
belicistas	belicistas
antibelicistas	antibelicistas
anti-belicistas	anti-belicistas
anti-militaristas	anti-militaristas
concertistas	concertistas
urbanistas	urbanistas
proteccionistas	proteccionistas
revisionistas	revisionistas
antirrevisionistas	antirrevisionistas
nihilistas	nihilistas
muralistas	muralistas
cartelistas	cartelistas
socorristas	socorristas
senderistas	senderistas
campistas	campistas
excursionistas	excursionistas
folcloristas	folcloristas
folkloristas	folkloristas
perfumistas	perfumistas
tercermundistas	tercermundistas
genetistas	genetistas
reduccionistas	reduccionistas
expansionistas	expansionistas
catalanistas	catalanistas
anticatalanistas	anticatalanistas
seminaristas	seminaristas
ex-seminaristas	ex-seminaristas
exseminaristas	exseminaristas
proyectistas	proyectistas
proyeccionistas	proyeccionistas
velocistas	velocistas
autonomistas	autonomistas
calvinistas	calvinistas
espiritistas	espiritistas
animalistas	animalistas
tarotistas	tarotistas
contrabandistas	contrabandistas
pensionistas	pensionistas
burócratas	burócratas
antiburócratas	antiburócratas
burocratas	burocratas
antiburocratas	antiburocratas
guardias	guardias
astronautas	astronautas
aeronautas	aeronautas
cibernautas	cibernautas
cosmonautas	cosmonautas
autodidactas	autodidactas
cabecillas	cabecillas
centinelas	centinelas
demócratas	demócratas
democratas	democratas
homicidas	homicidas
jerarcas	jerarcas
políglotas	políglotas
poliglotas	poliglotas
psicópatas	psicópatas
psicopatas	psicopatas
psicologistas	psicologistas
sicologistas	sicologistas
psicoanalistas	psicoanalistas
sicoanalistas	sicoanalistas
psicomotricistas	psicomotricistas
horteras	horteras
pasotas	pasotas
pelmas	pelmas
artistas	artistas
marionetistas	marionetistas
grafistas	grafistas
video-artistas	video-artistas
videoartistas	videoartistas
maquetistas	maquetistas
galeristas	galeristas
talleristas	talleristas
tallistas	tallistas
maderistas	maderistas
linotipistas	linotipistas
mosaiquistas	mosaiquistas
ceramistas	ceramistas
acuarelistas	acuarelistas
pastelistas	pastelistas
retratistas	retratistas
miniaturistas	miniaturistas
especialistas	especialistas
subespecialistas	subespecialistas
editorialistas	editorialistas
periodistas	periodistas
videoperiodistas	videoperiodistas
ciberperiodistas	ciberperiodistas
cyberperiodistas	cyberperiodistas
experiodistas	experiodistas
ex-periodistas	ex-periodistas
fotoperiodistas	fotoperiodistas
foto-periodistas	foto-periodistas
telefonistas	telefonistas
monociclistas	monociclistas
ciclistas	ciclistas
pedalistas	pedalistas
ex-ciclistas	ex-ciclistas
exciclistas	exciclistas
motociclistas	motociclistas
motoristas	motoristas
automovilistas	automovilistas
bautistas	bautistas
baptistas	baptistas
anabaptistas	anabaptistas
vigías	vigías
vigias	vigias
virgenes	virgenes
turistas	turistas
idiotas	idiotas
covidiotas	covidiotas
imbéciles	imbéciles
imbeciles	imbeciles
inútiles	inútiles
inutiles	inutiles
jovenes	jovenes
bebés	bebés
ascensoristas	ascensoristas
electricistas	electricistas
floristas	floristas
taxistas	taxistas
mototaxistas	mototaxistas
atletas	atletas
cineastas	cineastas
logopedas	logopedas
terapeutas	terapeutas
fisioterapeutas	fisioterapeutas
terapistas	terapistas
fisioterapistas	fisioterapistas
otorrinos	otorrinos
pediatras	pediatras
ignorantes	ignorantes
cantantes	cantantes
excantantes	excantantes
ex-cantantes	ex-cantantes
contraltos	contraltos
baladistas	baladistas
boleristas	boleristas
cupletistas	cupletistas
cancionistas	cancionistas
suplentes	suplentes
reptantes	reptantes
ondeantes	ondeantes
sustentantes	sustentantes
detectives	detectives
guías	guías
guias	guias
cardenales	cardenales
contorsionistas	contorsionistas
reservistas	reservistas
rescatistas	rescatistas
panameñistas	panameñistas
relacionistas	relacionistas
supremacistas	supremacistas
carteristas	carteristas
cambistas	cambistas
municipalistas	municipalistas
vestuaristas	vestuaristas
huelguistas	huelguistas
galleguistas	galleguistas
galeguistas	galeguistas
fisicoculturistas	fisicoculturistas
clavadistas	clavadistas
tenebristas	tenebristas
productivistas	productivistas
utopistas	utopistas
tremendistas	tremendistas
radiestesistas	radiestesistas
unilateralistas	unilateralistas
multilateralistas	multilateralistas
tradeunionistas	tradeunionistas
contrapuntistas	contrapuntistas
ferrallistas	ferrallistas
kimbanguistas	kimbanguistas
culturalistas	culturalistas
liberacionistas	liberacionistas
industrialistas	industrialistas
cervantistas	cervantistas
dantistas	dantistas
georgistas	georgistas
abstraccionistas	abstraccionistas
blogistas	blogistas
simbologistas	simbologistas
fitotecnistas	fitotecnistas
biologistas	biologistas
reikistas	reikistas
frecuentistas	frecuentistas
santanistas	santanistas
daguerrotipistas	daguerrotipistas
retribucionistas	retribucionistas
libremercadistas	libremercadistas
librecambistas	librecambistas
compatibilistas	compatibilistas
ochentistas	ochentistas
setentistas	setentistas
sesentistas	sesentistas
cuatrocentistas	cuatrocentistas
ochocentistas	ochocentistas
noucentistas	noucentistas
novecentistas	novecentistas
lobbyistas	lobbyistas
transgeneristas	transgeneristas
cronometristas	cronometristas
institucionalistas	institucionalistas
neoinstitucionalistas	neoinstitucionalistas
barristas	barristas
alienistas	alienistas
heliocentristas	heliocentristas
androcentristas	androcentristas
ginocentristas	ginocentristas
horticulturistas	horticulturistas
canonistas	canonistas
epigrafistas	epigrafistas
cinematografistas	cinematografistas
milleristas	milleristas
dospuntoceristas	dospuntoceristas
filantropistas	filantropistas
caligrafistas	caligrafistas
buenistas	buenistas
ibarristas	ibarristas
toyotistas	toyotistas
tupamaristas	tupamaristas
torrijistas	torrijistas
congregacionistas	congregacionistas
lucifuercistas	lucifuercistas
coplistas	coplistas
eugenesistas	eugenesistas
tercerposicionistas	tercerposicionistas
jaramillistas	jaramillistas
pastoralistas	pastoralistas
mnemonistas	mnemonistas
colosistas	colosistas
catolicistas	catolicistas
pesebristas	pesebristas
belenistas	belenistas
insurreccionalistas	insurreccionalistas
sanjuanistas	sanjuanistas
mujeristas	mujeristas
mileniaristas	mileniaristas
situacionistas	situacionistas
funambulistas	funambulistas
macartistas	macartistas
zaplanistas	zaplanistas
fernandistas	fernandistas
poligenistas	poligenistas
saavedristas	saavedristas
renovacionistas	renovacionistas
atahualpistas	atahualpistas
molinistas	molinistas
familistas	familistas
pecenistas	pecenistas
rockistas	rockistas
triatlonistas	triatlonistas
hacktivistas	hacktivistas
lafarguistas	lafarguistas
flebotomistas	flebotomistas
halteristas	halteristas
villistas	villistas
modelistas	modelistas
ruralistas	ruralistas
abstencionistas	abstencionistas
obreristas	obreristas
maximalistas	maximalistas
onanistas	onanistas
agraristas	agraristas
iluministas	iluministas
almacenistas	almacenistas
anexionistas	anexionistas
solipsistas	solipsistas
felipistas	felipistas
facilistas	facilistas
salinistas	salinistas
ritualistas	ritualistas
carrancistas	carrancistas
gaullistas	gaullistas
atomistas	atomistas
voyeures	voyeures
voyeristas	voyeristas
voyeuristas	voyeuristas
hipnotistas	hipnotistas
vaticanistas	vaticanistas
sinarquistas	sinarquistas
parlamentaristas	parlamentaristas
roldosistas	roldosistas
chekistas	chekistas
romancistas	romancistas
finitistas	finitistas
tacticistas	tacticistas
estrategas	estrategas
metalurgistas	metalurgistas
reintegracionistas	reintegracionistas
metalistas	metalistas
autoctonistas	autoctonistas
eudemonistas	eudemonistas
partidaristas	partidaristas
wahabistas	wahabistas
ruletistas	ruletistas
autodeterministas	autodeterministas
diamantistas	diamantistas
tupacamaristas	tupacamaristas
dominionistas	dominionistas
burbujistas	burbujistas
sarmatistas	sarmatistas
controlistas	controlistas
averroístas	averroístas
asambleístas	asambleístas
asambleistas	asambleistas
peledeístas	peledeístas
ateneístas	ateneístas
liceístas	liceístas
exasambleístas	exasambleístas
leguiístas	leguiístas
elohístas	elohístas
librancistas	librancistas
sablistas	sablistas
amazonenses	amazonenses
sanmartinenses	sanmartinenses
pascuenses	pascuenses
chimboracenses	chimboracenses
cursis	cursis
sinvergüenzas	sinvergüenzas
mapuches	mapuches
geneticistas	geneticistas
bebés	bebés
camaradas	camaradas
compatriotas	compatriotas
patriotas	patriotas
abulenses	abulenses
panfletistas	panfletistas
radioescuchas	radioescuchas
guardabarreras	guardabarreras
CEOs	CEOs
salvajes	salvajes
agentes	agentes
auxiliares	auxiliares
chóferes	chóferes
militares	militares
escolares	escolares
mercaderes	mercaderes
anglohablantes	anglohablantes
catalanohablantes	catalanohablantes
gallegohablantes	gallegohablantes
vascohablantes	vascohablantes
quechuahablantes	quechuahablantes
galiparlistas	galiparlistas
castellanoparlantes	castellanoparlantes
catalanoparlantes	catalanoparlantes
gallegoparlantes	gallegoparlantes
angloparlantes	angloparlantes
vascoparlantes	vascoparlantes
postulantes	postulantes
anticlericales	anticlericales
asistentes	asistentes
vocabulistas	vocabulistas
